"No","Business Name","Category","Address","Phone","Tel Link","Rating","Review Count","Website Status","Existing URL","Google Maps URL","Lead Quality","Contact Status"
"1","Phil's Auto repair","Auto repair shop","right around the corner,of, 390 Prospect Avenue 187 pennsylvania street, 390 Prospect Ave, Buffalo, NY 14201, United States","+1 (716) 854-2489","tel:+17168542489","4.8","0","NO WEBSITE (GOLDEN LEAD 🔥)","-","https://www.google.com/maps/place/Phil%27s+Auto+repair/data=!4m7!3m6!1s0x89d313ac11349f67:0x4e67b1a8bd454de2!8m2!3d42.8984831!4d-78.8882425!16s%2Fg%2F1tgptlsg!19sChIJZ580EawT04kR4k1FvaixZ04?authuser=0&hl=en&g_ep=EgoyMDI2MDkyMy4wIJJjKgBIAVAD&rclk=1","HIGH PRIORITY 🎯","New Lead"
"2","Cleve-Hill Auto & Tire Pros","Auto repair shop","1050 Main St, Buffalo, NY 14209, United States","+1 (716) 670-5311","tel:+17166705311","4.8","0","HAS OFFICIAL WEBSITE","http://www.clevehillauto.com/","https://www.google.com/maps/place/Cleve-Hill+Auto+%26+Tire+Pros/data=!4m7!3m6!1s0x89d31258803bc165:0x322c001e986a435e!8m2!3d42.9024225!4d-78.8693443!16s%2Fg%2F1thqhr4b!19sChIJZcE7gFgS04kRXkNqmB4ALDI?authuser=0&hl=en&g_ep=EgoyMDI2MDkyMy4wIJJjKgBIAVAD&rclk=1","LOW PRIORITY","New Lead"
"3","Hammond Auto Repair","Auto repair shop","528 Grant St, Buffalo, NY 14213, United States","+1 (716) 883-2482","tel:+17168832482","4.8","0","NO WEBSITE (GOLDEN LEAD 🔥)","-","https://www.google.com/maps/place/Hammond+Auto+Repair/data=!4m7!3m6!1s0x89d31323f8a0d6f3:0x5bb9fcc6117da90c!8m2!3d42.928393!4d-78.8897342!16s%2Fg%2F1thd2smt!19sChIJ89ag-CMT04kRDKl9Ecb8uVs?authuser=0&hl=en&g_ep=EgoyMDI2MDkyMy4wIJJjKgBIAVAD&rclk=1","HIGH PRIORITY 🎯","New Lead"
"4","Forest Automotive","Auto repair shop","361 Forest Ave, Buffalo, NY 14213, United States","+1 (716) 883-8601","tel:+17168838601","4.8","0","HAS OFFICIAL WEBSITE","http://www.forest-automotive.com/","https://www.google.com/maps/place/Forest+Automotive/data=!4m7!3m6!1s0x89d31320ca837745:0xfeef65e7220f1552!8m2!3d42.927589!4d-78.8851009!16s%2Fg%2F1hhx3dw2m!19sChIJRXeDyiAT04kRUhUPIudl7_4?authuser=0&hl=en&g_ep=EgoyMDI2MDkyMy4wIJJjKgBIAVAD&rclk=1","LOW PRIORITY","New Lead"
"5","Towne Motor Car","Auto repair shop","79 Edward St, Buffalo, NY 14202, United States","+1 (716) 856-9666","tel:+17168569666","4.6","0","HAS OFFICIAL WEBSITE","http://www.townemotorcar.com/","https://www.google.com/maps/place/Towne+Motor+Car/data=!4m7!3m6!1s0x89d31250f08061f1:0x3e0d6d44f6701e77!8m2!3d42.8960795!4d-78.8742653!16s%2Fg%2F1trsy_dy!19sChIJ8WGA8FAS04kRdx5w9kRtDT4?authuser=0&hl=en&g_ep=EgoyMDI2MDkyMy4wIJJjKgBIAVAD&rclk=1","LOW PRIORITY","New Lead"
"6","Enginuity Automotive","Auto repair shop","169 Cambria St, Buffalo, NY 14206, United States","+1 (716) 826-0616","tel:+17168260616","4.9","0","HAS OFFICIAL WEBSITE","https://z77a.top/business/enginuity-automotive-6yb7y_44","https://www.google.com/maps/place/Enginuity+Automotive/data=!4m7!3m6!1s0x89d30db16bec7397:0x8efff2bec9fac134!8m2!3d42.8825559!4d-78.7997305!16s%2Fg%2F1th1dq1k!19sChIJl3Psa7EN04kRNMH6yb7y_44?authuser=0&hl=en&g_ep=EgoyMDI2MDkyMy4wIJJjKgBIAVAD&rclk=1","LOW PRIORITY","New Lead"
"7","Howard Brothers Automotive","Auto repair shop","1095 Seneca St, Buffalo, NY 14210, United States","+1 (716) 725-6440","tel:+17167256440","4.8","0","NO WEBSITE (GOLDEN LEAD 🔥)","-","https://www.google.com/maps/place/Howard+Brothers+Automotive/data=!4m7!3m6!1s0x89d30df7dd8a3cc3:0xc4a7a6a71deb0429!8m2!3d42.8715563!4d-78.8378089!16s%2Fg%2F1tplr99n!19sChIJwzyK3fcN04kRKQTrHaemp8Q?authuser=0&hl=en&g_ep=EgoyMDI2MDkyMy4wIJJjKgBIAVAD&rclk=1","HIGH PRIORITY 🎯","New Lead"
"8","David's Star Automotive","Auto repair shop","303 Hopkins St, Buffalo, NY 14220, United States","+1 (716) 824-8595","tel:+17168248595","4.8","0","HAS OFFICIAL WEBSITE","http://www.davidsstarauto.com/","https://www.google.com/maps/place/David%27s+Star+Automotive/data=!4m7!3m6!1s0x89d30e1bfd6f8623:0xb2f14d0d8e725868!8m2!3d42.8457283!4d-78.832029!16s%2Fg%2F1tdx0j9_!19sChIJI4Zv_RsO04kRaFhyjg1N8bI?authuser=0&hl=en&g_ep=EgoyMDI2MDkyMy4wIJJjKgBIAVAD&rclk=1","LOW PRIORITY","New Lead"
"9","A1 Auto Repair","Auto repair shop","817 Bailey Ave, Buffalo, NY 14206, United States","+1 (716) 510-2408","tel:+17165102408","4.8","0","NO WEBSITE (GOLDEN LEAD 🔥)","-","https://www.google.com/maps/place/A1+Auto+Repair/data=!4m7!3m6!1s0x89d30d5f06da98f3:0x1497c734f0d3d0c0!8m2!3d42.8766975!4d-78.8162971!16s%2Fg%2F11why_1yhb!19sChIJ85jaBl8N04kRwNDT8DTHlxQ?authuser=0&hl=en&g_ep=EgoyMDI2MDkyMy4wIJJjKgBIAVAD&rclk=1","HIGH PRIORITY 🎯","New Lead"
"10","Russo's Auto Service","Car repair and maintenance service","198 Oak St, Buffalo, NY 14203, United States","+1 (716) 855-0490","tel:+17168550490","4.7","0","HAS OFFICIAL WEBSITE","https://www.russosauto.com/","https://www.google.com/maps/place/Russo%27s+Auto+Service/data=!4m7!3m6!1s0x89d3124668c3c047:0xca29cd598046dc91!8m2!3d42.8870829!4d-78.870565!16s%2Fg%2F1tdph5gx!19sChIJR8DDaEYS04kRkdxGgFnNKco?authuser=0&hl=en&g_ep=EgoyMDI2MDkyMy4wIJJjKgBIAVAD&rclk=1","LOW PRIORITY","New Lead"
"11","Walter Karyczak & Sons","Auto repair shop","995 Abbott Rd, Buffalo, NY 14220, United States","+1 (716) 822-1574","tel:+17168221574","4.8","0","NO WEBSITE (GOLDEN LEAD 🔥)","-","https://www.google.com/maps/place/Walter+Karyczak+%26+Sons/data=!4m7!3m6!1s0x89d30e42676c18bd:0x7a0da5dd65fdc43e!8m2!3d42.8372892!4d-78.8076746!16s%2Fg%2F1vxcxd46!19sChIJvRhsZ0IO04kRPsT9Zd2lDXo?authuser=0&hl=en&g_ep=EgoyMDI2MDkyMy4wIJJjKgBIAVAD&rclk=1","HIGH PRIORITY 🎯","New Lead"
"12","Southside Auto","Auto repair shop","1365 South Park Ave, Buffalo, NY 14220, United States","+1 (716) 825-1211","tel:+17168251211","4.7","0","HAS OFFICIAL WEBSITE","http://southside-auto.edan.io/","https://www.google.com/maps/place/Southside+Auto/data=!4m7!3m6!1s0x89d30e00c315f45d:0xbcc6483f3b591aae!8m2!3d42.8582802!4d-78.8340186!16s%2Fg%2F1tf7nk1s!19sChIJXfQVwwAO04kRrhpZOz9Ixrw?authuser=0&hl=en&g_ep=EgoyMDI2MDkyMy4wIJJjKgBIAVAD&rclk=1","LOW PRIORITY","New Lead"
"13","D C Automotive","Auto repair shop","1554 Seneca St, Buffalo, NY 14210, United States","+1 (716) 826-0027","tel:+17168260027","4.7","0","NO WEBSITE (GOLDEN LEAD 🔥)","-","https://www.google.com/maps/place/D+C+Automotive/data=!4m7!3m6!1s0x89d30de4364e4b51:0x6f8de6655547e7ea!8m2!3d42.8661735!4d-78.8223555!16s%2Fg%2F1tcxw6kb!19sChIJUUtONuQN04kR6udHVWXmjW8?authuser=0&hl=en&g_ep=EgoyMDI2MDkyMy4wIJJjKgBIAVAD&rclk=1","HIGH PRIORITY 🎯","New Lead"
"14","Jimmy's Auto Repair","Auto repair shop","184 Reading Ave, Buffalo, NY 14220, United States","+1 (716) 826-6666","tel:+17168266666","4.8","0","SOCIAL/DIRECTORY ONLY (GOLDEN LEAD 🔥)","https://www.facebook.com/Jimmys-Auto-Repair-334016290136162/?fref=ts","https://www.google.com/maps/place/Jimmy%27s+Auto+Repair/data=!4m7!3m6!1s0x89d30e3b9ef10ae3:0x14af25bc4db5e36b!8m2!3d42.8411765!4d-78.8254685!16s%2Fg%2F11bwl3wb12!19sChIJ4wrxnjsO04kRa-O1TbwlrxQ?authuser=0&hl=en&g_ep=EgoyMDI2MDkyMy4wIJJjKgBIAVAD&rclk=1","HIGH PRIORITY 🎯","New Lead"
"15","L & G Garage Ltd","Auto repair shop","1428 Fillmore Ave Apt 1, Buffalo, NY 14211, United States","+1 (716) 896-0057","tel:+17168960057","4.7","0","NO WEBSITE (GOLDEN LEAD 🔥)","-","https://www.google.com/maps/place/L+%26+G+Garage+Ltd/data=!4m7!3m6!1s0x89d3129deb300a61:0xc5879ac8efb03e63!8m2!3d42.9126087!4d-78.8393594!16s%2Fg%2F1wd3x0jn!19sChIJYQow650S04kRYz6w78iah8U?authuser=0&hl=en&g_ep=EgoyMDI2MDkyMy4wIJJjKgBIAVAD&rclk=1","HIGH PRIORITY 🎯","New Lead"
"16","Supreme Tires INC.","Auto repair shop","1657 Broadway, Buffalo, NY 14212, United States","+1 (716) 520-8999","tel:+17165208999","4.9","0","NO WEBSITE (GOLDEN LEAD 🔥)","-","https://www.google.com/maps/place/Supreme+Tires+INC./data=!4m7!3m6!1s0x89d30d7fa2e27539:0x253f690b8502e82a!8m2!3d42.8966954!4d-78.8135537!16s%2Fg%2F11l2qkm__t!19sChIJOXXion8N04kRKugChQtpPyU?authuser=0&hl=en&g_ep=EgoyMDI2MDkyMy4wIJJjKgBIAVAD&rclk=1","HIGH PRIORITY 🎯","New Lead"
"17","Buffalo Auto Center","Auto repair shop","1719 Seneca St, Buffalo, NY 14210, United States","+1 (716) 800-3300","tel:+17168003300","4.6","0","NO WEBSITE (GOLDEN LEAD 🔥)","-","https://www.google.com/maps/place/Buffalo+Auto+Center/data=!4m7!3m6!1s0x89d30dfb8900ffd1:0x9d1b7781f201d7c5!8m2!3d42.8623999!4d-78.8198448!16s%2Fg%2F11pyvxtz9x!19sChIJ0f8AifsN04kRxdcB8oF3G50?authuser=0&hl=en&g_ep=EgoyMDI2MDkyMy4wIJJjKgBIAVAD&rclk=1","HIGH PRIORITY 🎯","New Lead"
"18","H-A AUTO REPAIR","Auto repair shop","1906 South Park Ave, Buffalo, NY 14220, United States","+1 (716) 533-3336","tel:+17165333336","4.6","0","NO WEBSITE (GOLDEN LEAD 🔥)","-","https://www.google.com/maps/place/H-A+AUTO+REPAIR/data=!4m7!3m6!1s0x89d30e11054556c3:0x4c1efa6146af64ea!8m2!3d42.846694!4d-78.823445!16s%2Fg%2F11c37p1jc3!19sChIJw1ZFBREO04kR6mSvRmH6Hkw?authuser=0&hl=en&g_ep=EgoyMDI2MDkyMy4wIJJjKgBIAVAD&rclk=1","HIGH PRIORITY 🎯","New Lead"
"19","EC Auto Shop","Auto repair shop","954 Niagara St, Buffalo, NY 14213, United States","+1 (716) 882-0878","tel:+17168820878","4.4","0","NO WEBSITE (GOLDEN LEAD 🔥)","-","https://www.google.com/maps/place/EC+Auto+Shop/data=!4m7!3m6!1s0x89d31309419d25eb:0x4806eda010d707e4!8m2!3d42.9086667!4d-78.89976!16s%2Fg%2F1tcxf5hy!19sChIJ6yWdQQkT04kR5AfXEKDtBkg?authuser=0&hl=en&g_ep=EgoyMDI2MDkyMy4wIJJjKgBIAVAD&rclk=1","HIGH PRIORITY 🎯","New Lead"
"20","Goodyear Auto Service","Tire shop","1355 Main St, Buffalo, NY 14209, United States","+1 (716) 884-6331","tel:+17168846331","4.4","0","HAS OFFICIAL WEBSITE","https://www.goodyear.com/en-us/shops/NY/Buffalo/Goodyear-Auto-Service-Main-000900420","https://www.google.com/maps/place/Goodyear+Auto+Service/data=!4m7!3m6!1s0x89d312f2164ff0cd:0xb2f6d7c9642dd0f9!8m2!3d42.9104933!4d-78.8657251!16s%2Fg%2F1thx9ly3!19sChIJzfBPFvIS04kR-dAtZMnX9rI?authuser=0&hl=en&g_ep=EgoyMDI2MDkyMy4wIJJjKgBIAVAD&rclk=1","LOW PRIORITY","New Lead"
"21","Niagara Auto Center","Auto repair shop","1279 Niagara St, Buffalo, NY 14213, United States","+1 (716) 882-2766","tel:+17168822766","4.2","0","NO WEBSITE (GOLDEN LEAD 🔥)","-","https://www.google.com/maps/place/Niagara+Auto+Center/data=!4m7!3m6!1s0x89d313113a93d9e1:0xcdc97cc12904da9b!8m2!3d42.9189543!4d-78.8984784!16s%2Fg%2F1tcv_dd3!19sChIJ4dmTOhET04kRm9oEKcF8yc0?authuser=0&hl=en&g_ep=EgoyMDI2MDkyMy4wIJJjKgBIAVAD&rclk=1","HIGH PRIORITY 🎯","New Lead"
"22","Sammy's Auto Repair & Collision","Auto repair shop","369 Niagara St, Buffalo, NY 14201, United States","+1 (716) 854-5441","tel:+17168545441","4.4","0","HAS OFFICIAL WEBSITE","http://www.sammysauto.com/","https://www.google.com/maps/place/Sammy%27s+Auto+Repair+%26+Collision/data=!4m7!3m6!1s0x89d313ad7d2d0d3d:0xe037f4d9acc7d52d!8m2!3d42.8945216!4d-78.8855359!16s%2Fg%2F1td1wf8w!19sChIJPQ0tfa0T04kRLdXHrNn0N-A?authuser=0&hl=en&g_ep=EgoyMDI2MDkyMy4wIJJjKgBIAVAD&rclk=1","LOW PRIORITY","New Lead"
"23","Abbott Auto Care","Auto repair shop","270 Abbott Rd, Buffalo, NY 14220, United States","+1 (716) 824-7700","tel:+17168247700","4.7","0","HAS OFFICIAL WEBSITE","http://abbott-auto-care.jany.io/","https://www.google.com/maps/place/Abbott+Auto+Care/data=!4m7!3m6!1s0x89d30e0bf505671b:0xb4d7982325effb26!8m2!3d42.8543249!4d-78.8200265!16s%2Fg%2F1tf2t61n!19sChIJG2cF9QsO04kRJvvvJSOY17Q?authuser=0&hl=en&g_ep=EgoyMDI2MDkyMy4wIJJjKgBIAVAD&rclk=1","LOW PRIORITY","New Lead"
"24","Complete Care Auto Repair","Auto repair shop","508 W Utica St, Buffalo, NY 14213, United States","+1 (716) 881-6752","tel:+17168816752","4.3","0","NO WEBSITE (GOLDEN LEAD 🔥)","-","https://www.google.com/maps/place/Complete+Care+Auto+Repair/data=!4m7!3m6!1s0x89d31302f4337b2d:0x1acb47be228f11e7!8m2!3d42.911246!4d-78.8852678!16s%2Fg%2F11rc1ssrp4!19sChIJLXsz9AIT04kR5xGPIr5Hyxo?authuser=0&hl=en&g_ep=EgoyMDI2MDkyMy4wIJJjKgBIAVAD&rclk=1","HIGH PRIORITY 🎯","New Lead"
"25","Crash Automotive & Collison","Auto repair shop","206 Leslie St, Buffalo, NY 14211, United States","+1 (716) 894-7149","tel:+17168947149","4.5","0","NO WEBSITE (GOLDEN LEAD 🔥)","-","https://www.google.com/maps/place/Crash+Automotive+%26+Collison/data=!4m7!3m6!1s0x89d30d40261f97c3:0xde264912ce25d82d!8m2!3d42.9168507!4d-78.8178312!16s%2Fg%2F12610w642!19sChIJw5cfJkAN04kRLdglzhJJJt4?authuser=0&hl=en&g_ep=EgoyMDI2MDkyMy4wIJJjKgBIAVAD&rclk=1","HIGH PRIORITY 🎯","New Lead"
"26","DeCarlo Collision & Auto Painting","Auto body shop","1351 Niagara St, Buffalo, NY 14213, United States","+1 (716) 882-3003","tel:+17168823003","4.7","0","NO WEBSITE (GOLDEN LEAD 🔥)","-","https://www.google.com/maps/place/DeCarlo+Collision+%26+Auto+Painting/data=!4m7!3m6!1s0x89d31316e0117093:0xfd3b906bdb2b6c9!8m2!3d42.9208423!4d-78.8981159!16s%2Fg%2F1tg5_mb4!19sChIJk3AR4BYT04kRybayvQa50w8?authuser=0&hl=en&g_ep=EgoyMDI2MDkyMy4wIJJjKgBIAVAD&rclk=1","HIGH PRIORITY 🎯","New Lead"
"27","Hoffman Automotive & Collision","Auto body shop","235 Elm St, Buffalo, NY 14203, United States","+1 (716) 856-7000","tel:+17168567000","4.5","0","NO WEBSITE (GOLDEN LEAD 🔥)","-","https://www.google.com/maps/place/Hoffman+Automotive+%26+Collision/data=!4m7!3m6!1s0x89d31244277aaff9:0x2e5f6332e8359911!8m2!3d42.8873005!4d-78.8679978!16s%2Fg%2F1td396ys!19sChIJ-a96J0QS04kREZk16DJjXy4?authuser=0&hl=en&g_ep=EgoyMDI2MDkyMy4wIJJjKgBIAVAD&rclk=1","HIGH PRIORITY 🎯","New Lead"
"28","Danner Collision","Auto repair shop","500 Michigan Ave, Buffalo, NY 14203, United States","+1 (716) 853-7734","tel:+17168537734","4.7","0","NO WEBSITE (GOLDEN LEAD 🔥)","-","https://www.google.com/maps/place/Danner+Collision/data=!4m7!3m6!1s0x89d31246c37229ff:0xc5798a287c6834bb!8m2!3d42.8860842!4d-78.8677787!16s%2Fg%2F1tld14nr!19sChIJ_ylyw0YS04kRuzRofCiKecU?authuser=0&hl=en&g_ep=EgoyMDI2MDkyMy4wIJJjKgBIAVAD&rclk=1","HIGH PRIORITY 🎯","New Lead"
"29","Transit Collision","Auto body shop","426 Abbott Rd, Buffalo, NY 14220, United States","+1 (716) 901-0176","tel:+17169010176","4.7","0","HAS OFFICIAL WEBSITE","https://www.transitcollision.com/","https://www.google.com/maps/place/Transit+Collision/data=!4m7!3m6!1s0x89d30ae0a3705811:0x3ccc1de4ad58ab4d!8m2!3d42.8512308!4d-78.8159047!16s%2Fg%2F1q6j8fhf_!19sChIJEVhwo-AK04kRTatYreQdzDw?authuser=0&hl=en&g_ep=EgoyMDI2MDkyMy4wIJJjKgBIAVAD&rclk=1","LOW PRIORITY","New Lead"
"30","Nirelli's Auto Service & Collision","Auto body shop","1512 Main St, Buffalo, NY 14209, United States","+1 (716) 884-5030","tel:+17168845030","4.6","0","NO WEBSITE (GOLDEN LEAD 🔥)","-","https://www.google.com/maps/place/Nirelli%27s+Auto+Service+%26+Collision/data=!4m7!3m6!1s0x89d312ec4700b6cb:0x9815fb9393a9c927!8m2!3d42.9147277!4d-78.8651893!16s%2Fg%2F1tdk64m3!19sChIJy7YAR-wS04kRJ8mpk5P7FZg?authuser=0&hl=en&g_ep=EgoyMDI2MDkyMy4wIJJjKgBIAVAD&rclk=1","HIGH PRIORITY 🎯","New Lead"
"31","Great Arrow Truck & Auto Rpr","Auto body shop","135 Tonawanda St, Buffalo, NY 14207, United States","+1 (716) 875-4461","tel:+17168754461","4.9","0","NO WEBSITE (GOLDEN LEAD 🔥)","-","https://www.google.com/maps/place/Great+Arrow+Truck+%26+Auto+Rpr/data=!4m7!3m6!1s0x89d3133aac8d1969:0xd474ea1da652d818!8m2!3d42.9334008!4d-78.8947787!16s%2Fg%2F1thksp6b!19sChIJaRmNrDoT04kRGNhSph3qdNQ?authuser=0&hl=en&g_ep=EgoyMDI2MDkyMy4wIJJjKgBIAVAD&rclk=1","HIGH PRIORITY 🎯","New Lead"
"32","Madhu Century Auto & Body Shop Inc","Auto body shop","1000 E Ferry St, Buffalo, NY 14211, United States","+1 (917) 690-1583","tel:+19176901583","4.9","0","HAS OFFICIAL WEBSITE","https://www.nycompanyregistry.com/company?utm_source=madhu-century-auto-and-body-shop-inc","https://www.google.com/maps/place/Madhu+Century+Auto+%26+Body+Shop+Inc/data=!4m7!3m6!1s0x89d30d1cd4368d75:0x74a6df4dacb4bf6f!8m2!3d42.9146075!4d-78.8269883!16s%2Fg%2F11y474snb1!19sChIJdY021BwN04kRb7-0rE3fpnQ?authuser=0&hl=en&g_ep=EgoyMDI2MDkyMy4wIJJjKgBIAVAD&rclk=1","LOW PRIORITY","New Lead"
"33","Artisan Autoworks","Auto repair shop","518 Rhode Island St, Buffalo, NY 14213, United States","+1 (716) 885-6500","tel:+17168856500","4.7","0","NO WEBSITE (GOLDEN LEAD 🔥)","-","https://www.google.com/maps/place/Artisan+Autoworks/data=!4m7!3m6!1s0x89d312fd4df56c4d:0x2168a874a127b26a!8m2!3d42.9131917!4d-78.8829333!16s%2Fg%2F1wnf20ct!19sChIJTWz1Tf0S04kRarInoXSoaCE?authuser=0&hl=en&g_ep=EgoyMDI2MDkyMy4wIJJjKgBIAVAD&rclk=1","HIGH PRIORITY 🎯","New Lead"
"34","Buffalo Auto Shop","Auto repair shop","1719 Seneca St, Buffalo, NY 14210, United States","+1 (716) 800-3300","tel:+17168003300","4.1","0","NO WEBSITE (GOLDEN LEAD 🔥)","-","https://www.google.com/maps/place/Buffalo+Auto+Shop/data=!4m7!3m6!1s0x89d3127f082258e7:0x2f848a9b7d353b80!8m2!3d42.8623999!4d-78.8198448!16s%2Fg%2F11bwpc_z21!19sChIJ51giCH8S04kRgDs1fZuKhC8?authuser=0&hl=en&g_ep=EgoyMDI2MDkyMy4wIJJjKgBIAVAD&rclk=1","HIGH PRIORITY 🎯","New Lead"
"35","Clinton Collision","Car repair and maintenance service","2135 Clinton St, Buffalo, NY 14206, United States","+1 (716) 823-2000","tel:+17168232000","4.5","0","HAS OFFICIAL WEBSITE","http://www.clintoncollision.com/","https://www.google.com/maps/place/Clinton+Collision/data=!4m7!3m6!1s0x89d30dcbf1634ead:0x75eb08add446f67c!8m2!3d42.8714193!4d-78.7975!16s%2Fg%2F1tg51dkm!19sChIJrU5j8csN04kRfPZG1K0I63U?authuser=0&hl=en&g_ep=EgoyMDI2MDkyMy4wIJJjKgBIAVAD&rclk=1","LOW PRIORITY","New Lead"
"36","Autostars","Auto body shop","225 Amherst St, Buffalo, NY 14207, United States","+1 (716) 877-2892","tel:+17168772892","4.6","0","NO WEBSITE (GOLDEN LEAD 🔥)","-","https://www.google.com/maps/place/Autostars/data=!4m7!3m6!1s0x89d31331d41d2f69:0x259ea8c7efad11c5!8m2!3d42.9361811!4d-78.8947415!16s%2Fg%2F1tdzbd8n!19sChIJaS8d1DET04kRxRGt78eoniU?authuser=0&hl=en&g_ep=EgoyMDI2MDkyMy4wIJJjKgBIAVAD&rclk=1","HIGH PRIORITY 🎯","New Lead"
"37","Continental Transmission","Transmission shop","909 Hertel Ave, Buffalo, NY 14216, United States","+1 (716) 877-9650","tel:+17168779650","4.2","0","HAS OFFICIAL WEBSITE","https://www.transmissionrepairwny.com/","https://www.google.com/maps/place/Continental+Transmission/data=!4m7!3m6!1s0x89d36d2e59589227:0xf1dca3305da6edf7!8m2!3d42.94763!4d-78.8746106!16s%2Fg%2F1tjjqbyr!19sChIJJ5JYWS5t04kR9-2mXTCj3PE?authuser=0&hl=en&g_ep=EgoyMDI2MDkyMy4wIJJjKgBIAVAD&rclk=1","LOW PRIORITY","New Lead"
"38","Continental Transmission","Transmission shop","120 Orchard Park Rd, West Seneca, NY 14224, United States","+1 (716) 828-1122","tel:+17168281122","4.8","0","HAS OFFICIAL WEBSITE","http://www.continentaltransmission.com/","https://www.google.com/maps/place/Continental+Transmission/data=!4m7!3m6!1s0x89d30e8b9981c4a3:0x14a590a1361d012f!8m2!3d42.839985!4d-78.788054!16s%2Fg%2F1tfh_kth!19sChIJo8SBmYsO04kRLwEdNqGQpRQ?authuser=0&hl=en&g_ep=EgoyMDI2MDkyMy4wIJJjKgBIAVAD&rclk=1","LOW PRIORITY","New Lead"
"39","Genesee Transmission","Transmission shop","1011 Genesee St, Buffalo, NY 14211, United States","+1 (716) 896-0011","tel:+17168960011","3.8","0","HAS OFFICIAL WEBSITE","https://www.continentaltransmission.com/buffalo/","https://www.google.com/maps/place/Genesee+Transmission/data=!4m7!3m6!1s0x89d3128051e4d081:0x4165512cc65c07d2!8m2!3d42.9014544!4d-78.8404898!16s%2Fg%2F1tcw4lw6!19sChIJgdDkUYAS04kR0gdcxixRZUE?authuser=0&hl=en&g_ep=EgoyMDI2MDkyMy4wIJJjKgBIAVAD&rclk=1","LOW PRIORITY","New Lead"
"40","AAMCO Transmissions & Total Car Care","Transmission shop","1412 Ridge Rd, Buffalo, NY 14218, United States","+1 (716) 271-7363","tel:+17162717363","4.4","0","HAS OFFICIAL WEBSITE","http://www.aamcowestseneca.com/?utm_source=G&utm_medium=local&utm_campaign=google-local","https://www.google.com/maps/place/AAMCO+Transmissions+%26+Total+Car+Care/data=!4m7!3m6!1s0x89d30eae98e88fd7:0x19bef63c5b317f01!8m2!3d42.828464!4d-78.799636!16s%2Fg%2F1tf7hnff!19sChIJ14_omK4O04kRAX8xWzz2vhk?authuser=0&hl=en&g_ep=EgoyMDI2MDkyMy4wIJJjKgBIAVAD&rclk=1","LOW PRIORITY","New Lead"
"41","City's Towing & Lockout Service","Towing service","-","+1 (716) 393-5144","tel:+17163935144","4.8","0","HAS OFFICIAL WEBSITE","https://citystowinglockoutservice.com/contact.php","https://www.google.com/maps/place/City%27s+Towing+%26+Lockout+Service/data=!4m7!3m6!1s0x89d30d17fed74237:0xb918eba368ed4032!8m2!3d42.947279!4d-78.8203107!16s%2Fg%2F11bx5s3c7q!19sChIJN0LX_hcN04kRMkDtaKPrGLk?authuser=0&hl=en&g_ep=EgoyMDI2MDkyMy4wIJJjKgBIAVAD&rclk=1","LOW PRIORITY","New Lead"
"42","24/7 Buffalo Towing","Towing service","415 Rhode Island St Unit A, Buffalo, NY 14213, United States","+1 (716) 277-7012","tel:+17162777012","4.0","0","NO WEBSITE (GOLDEN LEAD 🔥)","-","https://www.google.com/maps/place/24%2F7+Buffalo+Towing/data=!4m7!3m6!1s0x89d313a9a97fa989:0xb48e6d1e8cd28dcb!8m2!3d42.9111687!4d-78.8862479!16s%2Fg%2F11mrlyrd96!19sChIJial_qakT04kRy43SjB5tjrQ?authuser=0&hl=en&g_ep=EgoyMDI2MDkyMy4wIJJjKgBIAVAD&rclk=1","HIGH PRIORITY 🎯","New Lead"
"43","West End Towing & Recovery LLC","Towing service","2050-B Niagara St, Buffalo, NY 14207, United States","+1 (716) 931-0373","tel:+17169310373","5.0","0","HAS OFFICIAL WEBSITE","https://westendautotowing.com/","https://www.google.com/maps/place/West+End+Towing+%26+Recovery+LLC/data=!4m7!3m6!1s0x89d3139a5375200f:0x9ef8e95dd4c0da80!8m2!3d42.9398444!4d-78.905427!16s%2Fg%2F11md2j7h7w!19sChIJDyB1U5oT04kRgNrA1F3p-J4?authuser=0&hl=en&g_ep=EgoyMDI2MDkyMy4wIJJjKgBIAVAD&rclk=1","LOW PRIORITY","New Lead"
"44","City's Automotive Services","Towing service","-","+1 (716) 939-1027","tel:+17169391027","5.0","0","NO WEBSITE (GOLDEN LEAD 🔥)","-","https://www.google.com/maps/place/City%27s+Automotive+Services/data=!4m7!3m6!1s0x415f719e430318e1:0xf5c8faabcbcb16b9!8m2!3d42.925089!4d-78.8153194!16s%2Fg%2F11wk7cbj3y!19sChIJ4RgDQ55xX0ERuRbLy6v6yPU?authuser=0&hl=en&g_ep=EgoyMDI2MDkyMy4wIJJjKgBIAVAD&rclk=1","HIGH PRIORITY 🎯","New Lead"
"45","Nerseso Towing and Junk Cars","Towing service","177 Forest Ave, Buffalo, NY 14213, United States","+1 (716) 808-1184","tel:+17168081184","5.0","0","HAS OFFICIAL WEBSITE","https://nersesotowing.com/","https://www.google.com/maps/place/Nerseso+Towing+and+Junk+Cars/data=!4m7!3m6!1s0x7169442e04c5ccd:0xb9c1ce1f705bacd2!8m2!3d42.927498!4d-78.8924703!16s%2Fg%2F11n58kg2cp!19sChIJzVxM4EKUFgcR0qxbcB_Owbk?authuser=0&hl=en&g_ep=EgoyMDI2MDkyMy4wIJJjKgBIAVAD&rclk=1","LOW PRIORITY","New Lead"
"46","Riverside Towing And Recovery","Towing service","256 Bailey Ave, Buffalo, NY 14210, United States","-","-","1.3","0","NO WEBSITE (GOLDEN LEAD 🔥)","-","https://www.google.com/maps/place/Riverside+Towing+And+Recovery/data=!4m7!3m6!1s0x89d311d5961d4a8d:0xca225c4860bdc96d!8m2!3d42.8638853!4d-78.8267588!16s%2Fg%2F11hy9nk0vy!19sChIJjUodltUR04kRbcm9YEhcIso?authuser=0&hl=en&g_ep=EgoyMDI2MDkyMy4wIJJjKgBIAVAD&rclk=1","HIGH PRIORITY 🎯","New Lead"
"47","Just Tow It & Recovery","Towing service","-","+1 (716) 908-8609","tel:+17169088609","4.7","0","HAS OFFICIAL WEBSITE","https://justtowit.com/?utm_source=omg-gbp&utm_medium=webclick","https://www.google.com/maps/place/Just+Tow+It+%26+Recovery/data=!4m7!3m6!1s0x89d30d15d215eccf:0x33d21e7248a2f685!8m2!3d42.8962391!4d-78.864442!16s%2Fg%2F11dfsxkwy9!19sChIJz-wV0hUN04kRhfaiSHIe0jM?authuser=0&hl=en&g_ep=EgoyMDI2MDkyMy4wIJJjKgBIAVAD&rclk=1","LOW PRIORITY","New Lead"
"48","Just Tow It & Auto Repair","Towing service","3214 Genesee St, Buffalo, NY 14225, United States","+1 (716) 908-8609","tel:+17169088609","4.5","0","HAS OFFICIAL WEBSITE","https://justtowit.com/?utm_source=omg-gbp&utm_medium=webclick","https://www.google.com/maps/place/Just+Tow+It+%26+Auto+Repair/data=!4m7!3m6!1s0x89d30dd4e7b841d1:0x4042b862174a3eae!8m2!3d42.9254947!4d-78.7670524!16s%2Fg%2F11p1695p68!19sChIJ0UG459QN04kRrj5KF2K4QkA?authuser=0&hl=en&g_ep=EgoyMDI2MDkyMy4wIJJjKgBIAVAD&rclk=1","LOW PRIORITY","New Lead"
"49","Buffalo Towing Services","Towing service","-","+1 (716) 324-1023","tel:+17163241023","4.7","0","HAS OFFICIAL WEBSITE","https://www.buffaloemergencyroadsideassistance.com/","https://www.google.com/maps/place/Buffalo+Towing+Services/data=!4m7!3m6!1s0x89d30e231485d439:0x4ed40a296d0afd00!8m2!3d42.9109405!4d-78.826224!16s%2Fg%2F11b6j3v8xv!19sChIJOdSFFCMO04kRAP0KbSkK1E4?authuser=0&hl=en&g_ep=EgoyMDI2MDkyMy4wIJJjKgBIAVAD&rclk=1","LOW PRIORITY","New Lead"
"50","Buffalo Towing Company","Towing service","-","+1 (716) 710-9607","tel:+17167109607","4.9","0","HAS OFFICIAL WEBSITE","https://buffalotowingcompany.com/","https://www.google.com/maps/place/Buffalo+Towing+Company/data=!4m7!3m6!1s0x2e74e3866f267cdf:0x3953ae5252f1c84d!8m2!3d42.7966565!4d-78.6756959!16s%2Fg%2F11xd1vqqj4!19sChIJ33wmb4bjdC4RTcjxUlKuUzk?authuser=0&hl=en&g_ep=EgoyMDI2MDkyMy4wIJJjKgBIAVAD&rclk=1","LOW PRIORITY","New Lead"
"51","Elite Towing & Automotive Services","Towing equipment provider","1654 Main St, Buffalo, NY 14209, United States","+1 (716) 381-2811","tel:+17163812811","4.6","0","HAS OFFICIAL WEBSITE","http://www.elitetowinginc.com/","https://www.google.com/maps/place/Elite+Towing+%26+Automotive+Services/data=!4m7!3m6!1s0x89d313006d12231d:0x9a2163fc1c4d2c51!8m2!3d42.9181421!4d-78.8619875!16s%2Fg%2F11vwnsczf5!19sChIJHSMSbQAT04kRUSxNHPxjIZo?authuser=0&hl=en&g_ep=EgoyMDI2MDkyMy4wIJJjKgBIAVAD&rclk=1","LOW PRIORITY","New Lead"
"52","5 Star Towing & Recovery","Towing service","316 Ridge Rd, Lackawanna, NY 14218, United States","+1 (716) 826-6000","tel:+17168266000","4.8","0","HAS OFFICIAL WEBSITE","https://5startowbuff.com/","https://www.google.com/maps/place/5+Star+Towing+%26+Recovery/data=!4m7!3m6!1s0x89d311d5bdc1bc63:0x2e6c3210cf9f108a!8m2!3d42.8269636!4d-78.8398305!16s%2Fg%2F11c7t2njyz!19sChIJY7zBvdUR04kRihCfzxAybC4?authuser=0&hl=en&g_ep=EgoyMDI2MDkyMy4wIJJjKgBIAVAD&rclk=1","LOW PRIORITY","New Lead"
"53","Dino Tire & Services Center","Auto repair shop","1425 Clinton St, Buffalo, NY 14206, United States","+1 (716) 826-3352","tel:+17168263352","4.7","0","HAS OFFICIAL WEBSITE","https://dinotireandservicecenter.com/","https://www.google.com/maps/place/Dino+Tire+%26+Services+Center/data=!4m7!3m6!1s0x89d30dee879f69c5:0xfe8790312fda9dce!8m2!3d42.873301!4d-78.8242045!16s%2Fg%2F1tdkhmt7!19sChIJxWmfh-4N04kRzp3aLzGQh_4?authuser=0&hl=en&g_ep=EgoyMDI2MDkyMy4wIJJjKgBIAVAD&rclk=1","LOW PRIORITY","New Lead"
"54","Franks Express Tire And Auto Repair","Auto repair shop","1235 Fillmore Ave, Buffalo, NY 14211, United States","+1 (716) 597-0207","tel:+17165970207","4.5","0","NO WEBSITE (GOLDEN LEAD 🔥)","-","https://www.google.com/maps/place/Franks+Express+Tire+And+Auto+Repair/data=!4m7!3m6!1s0x89d3128299676d23:0x49f4f01bacc686a3!8m2!3d42.9074876!4d-78.8387189!16s%2Fg%2F1hc5qdysk!19sChIJI21nmYIS04kRo4bGrBvw9Ek?authuser=0&hl=en&g_ep=EgoyMDI2MDkyMy4wIJJjKgBIAVAD&rclk=1","HIGH PRIORITY 🎯","New Lead"
"55","Extreme Tire & Auto","Tire shop","2280 Genesee St, Buffalo, NY 14211, United States","+1 (716) 259-9663","tel:+17162599663","4.9","0","NO WEBSITE (GOLDEN LEAD 🔥)","-","https://www.google.com/maps/place/Extreme+Tire+%26+Auto/data=!4m7!3m6!1s0x89d30d29a15236df:0x53a2f1e1b432efc4!8m2!3d42.9186823!4d-78.7994827!16s%2Fg%2F11xkg3z_xz!19sChIJ3zZSoSkN04kRxO8ytOHxolM?authuser=0&hl=en&g_ep=EgoyMDI2MDkyMy4wIJJjKgBIAVAD&rclk=1","HIGH PRIORITY 🎯","New Lead"
"56","A.N.E Auto Service LLC","Auto repair shop","2808 Bailey Ave, Buffalo, NY 14215, United States","+1 (716) 837-2701","tel:+17168372701","4.7","0","NO WEBSITE (GOLDEN LEAD 🔥)","-","https://www.google.com/maps/place/A.N.E+Auto+Service+LLC/data=!4m7!3m6!1s0x89d30d35c32fe20b:0xe15d8f2eaa52afbc!8m2!3d42.9311843!4d-78.8139462!16s%2Fg%2F1thl6dvq!19sChIJC-IvwzUN04kRvK9Sqi6PXeE?authuser=0&hl=en&g_ep=EgoyMDI2MDkyMy4wIJJjKgBIAVAD&rclk=1","HIGH PRIORITY 🎯","New Lead"
"57","Horizon Performance & Auto Repair LLC","Auto repair shop","334 Abbott Rd, Buffalo, NY 14220, United States","+1 (716) 322-7444","tel:+17163227444","4.9","0","SOCIAL/DIRECTORY ONLY (GOLDEN LEAD 🔥)","https://z-upload.facebook.com/100091894163592/about/?referrer=services_landing_page","https://www.google.com/maps/place/Horizon+Performance+%26+Auto+Repair+LLC/data=!4m7!3m6!1s0x89d30f625ab86713:0x4707eb3b6699b628!8m2!3d42.8531559!4d-78.8183273!16s%2Fg%2F11t_krnmdx!19sChIJE2e4WmIP04kRKLaZZjvrB0c?authuser=0&hl=en&g_ep=EgoyMDI2MDkyMy4wIJJjKgBIAVAD&rclk=1","HIGH PRIORITY 🎯","New Lead"
"58","Danny's Auto Repair","Tire shop","714 Walden Ave, Buffalo, NY 14211, United States","+1 (716) 892-1100","tel:+17168921100","3.8","0","NO WEBSITE (GOLDEN LEAD 🔥)","-","https://www.google.com/maps/place/Danny%27s+Auto+Repair/data=!4m7!3m6!1s0x89d30d0e06915a33:0xf8e657ae34e0fb30!8m2!3d42.9056676!4d-78.8096659!16s%2Fg%2F1tvm3rgd!19sChIJM1qRBg4N04kRMPvgNK5X5vg?authuser=0&hl=en&g_ep=EgoyMDI2MDkyMy4wIJJjKgBIAVAD&rclk=1","HIGH PRIORITY 🎯","New Lead"
"59","South Buffalo Auto Empire & Tires","Auto repair shop","160 Abbott Rd, Buffalo, NY 14220, United States","+1 (716) 424-2010","tel:+17164242010","4.5","0","NO WEBSITE (GOLDEN LEAD 🔥)","-","https://www.google.com/maps/place/South+Buffalo+Auto+Empire+%26+Tires/data=!4m7!3m6!1s0x89d30fbdaa11c8db:0x6543ef0d370a1357!8m2!3d42.8562701!4d-78.8230639!16s%2Fg%2F11vb4dy9zs!19sChIJ28gRqr0P04kRVxMKNw3vQ2U?authuser=0&hl=en&g_ep=EgoyMDI2MDkyMy4wIJJjKgBIAVAD&rclk=1","HIGH PRIORITY 🎯","New Lead"
"60","Max Auto Repair & Tire Inc","Auto repair shop","609 Walden Ave, Buffalo, NY 14211, United States","+1 (716) 894-2765","tel:+17168942765","4.0","0","NO WEBSITE (GOLDEN LEAD 🔥)","-","https://www.google.com/maps/place/Max+Auto+Repair+%26+Tire+Inc/data=!4m7!3m6!1s0x89d30d0d10071329:0x3c137c06f0f9e171!8m2!3d42.9045655!4d-78.8135333!16s%2Fg%2F11b77fxr3r!19sChIJKRMHEA0N04kRceH58AZ8Ezw?authuser=0&hl=en&g_ep=EgoyMDI2MDkyMy4wIJJjKgBIAVAD&rclk=1","HIGH PRIORITY 🎯","New Lead"
"61","Drew auto service","Mechanic","475 Cambridge Ave, Buffalo, NY 14215, United States","+1 (716) 777-9806","tel:+17167779806","5.0","0","NO WEBSITE (GOLDEN LEAD 🔥)","-","https://www.google.com/maps/place/Drew+auto+service/data=!4m7!3m6!1s0x89d30dcb4acd6ab5:0xcee75554e2705fb9!8m2!3d42.9276694!4d-78.8228015!16s%2Fg%2F11w_xx6stz!19sChIJtWrNSssN04kRuV9w4lRV584?authuser=0&hl=en&g_ep=EgoyMDI2MDkyMy4wIJJjKgBIAVAD&rclk=1","HIGH PRIORITY 🎯","New Lead"
"62","Sycamore Complete Auto Repair & Dealership","Auto repair shop","835 Sycamore St, Buffalo, NY 14212, United States","+1 (716) 458-5814","tel:+17164585814","4.8","0","NO WEBSITE (GOLDEN LEAD 🔥)","-","https://www.google.com/maps/place/Sycamore+Complete+Auto+Repair+%26+Dealership/data=!4m7!3m6!1s0x89d3138c58f815e7:0x4aa4b2c624a5c532!8m2!3d42.89709!4d-78.840337!16s%2Fg%2F11wx42532r!19sChIJ5xX4WIwT04kRMsWlJMaypEo?authuser=0&hl=en&g_ep=EgoyMDI2MDkyMy4wIJJjKgBIAVAD&rclk=1","HIGH PRIORITY 🎯","New Lead"
"63","Bangla Motors","Auto repair shop","1712 Clinton St, Buffalo, NY 14206, United States","+1 (716) 322-0333","tel:+17163220333","4.9","0","NO WEBSITE (GOLDEN LEAD 🔥)","-","https://www.google.com/maps/place/Bangla+Motors/data=!4m7!3m6!1s0x89d30d002b400d6d:0x509089c557d4745!8m2!3d42.8721666!4d-78.8132679!16s%2Fg%2F11vs2fmmsd!19sChIJbQ1AKwAN04kRRUd9VZwICQU?authuser=0&hl=en&g_ep=EgoyMDI2MDkyMy4wIJJjKgBIAVAD&rclk=1","HIGH PRIORITY 🎯","New Lead"
"64","A & L AUTO SERVICE","Auto repair shop","Kehr St, Buffalo, NY 14211, United States","+1 (716) 895-3328","tel:+17168953328","4.7","0","NO WEBSITE (GOLDEN LEAD 🔥)","-","https://www.google.com/maps/place/A+%26+L+AUTO+SERVICE/data=!4m7!3m6!1s0x89d30d7b839fd2ab:0xb8630728d557390e!8m2!3d42.9056487!4d-78.8320574!16s%2Fg%2F11t77kgxjn!19sChIJq9Kfg3sN04kRDjlX1SgHY7g?authuser=0&hl=en&g_ep=EgoyMDI2MDkyMy4wIJJjKgBIAVAD&rclk=1","HIGH PRIORITY 🎯","New Lead"
"65","Tina's Road Service, Inc.","Truck repair shop","1800 Broadway Bldg 7C, Buffalo, NY 14212, United States","+1 (716) 335-2423","tel:+17163352423","4.4","0","NO WEBSITE (GOLDEN LEAD 🔥)","-","https://www.google.com/maps/place/Tina%27s+Road+Service,+Inc./data=!4m7!3m6!1s0x89d30daf287d8b57:0xebd74a776da79472!8m2!3d42.8985879!4d-78.8085365!16s%2Fg%2F11h52rst1q!19sChIJV4t9KK8N04kRcpSnbXdK1-s?authuser=0&hl=en&g_ep=EgoyMDI2MDkyMy4wIJJjKgBIAVAD&rclk=1","HIGH PRIORITY 🎯","New Lead"
"66","Buffalo truck repair Inc","Truck repair shop","1285 William St, Buffalo, NY 14206, United States","+1 (716) 290-4055","tel:+17162904055","3.8","0","HAS OFFICIAL WEBSITE","https://buffalotrucktrailerrepair.com/","https://www.google.com/maps/place/Buffalo+truck+repair+Inc/data=!4m7!3m6!1s0x89d30d94279a73ed:0x428c4e33208e2242!8m2!3d42.8839312!4d-78.8238596!16s%2Fg%2F11sts1y3j7!19sChIJ7XOaJ5QN04kRQiKOIDNOjEI?authuser=0&hl=en&g_ep=EgoyMDI2MDkyMy4wIJJjKgBIAVAD&rclk=1","LOW PRIORITY","New Lead"
"67","Buffalo Mobile Truck Repair","Truck repair shop","210 Amherst St, Buffalo, NY 14207, United States","+1 (716) 707-1538","tel:+17167071538","3.3","0","HAS OFFICIAL WEBSITE","https://buffalonytruckrepair.com/","https://www.google.com/maps/place/Buffalo+Mobile+Truck+Repair/data=!4m7!3m6!1s0x89d31307ad7d7c9d:0x160e88cae3bd7c94!8m2!3d42.9367134!4d-78.8955374!16s%2Fg%2F11sdz83wqf!19sChIJnXx9rQcT04kRlHy948qIDhY?authuser=0&hl=en&g_ep=EgoyMDI2MDkyMy4wIJJjKgBIAVAD&rclk=1","LOW PRIORITY","New Lead"
"68","BFS Fleet Service","Truck repair shop","1615 William St, Buffalo, NY 14206, United States","+1 (716) 894-5799","tel:+17168945799","4.5","0","HAS OFFICIAL WEBSITE","https://bfsfleetservice.com/","https://www.google.com/maps/place/BFS+Fleet+Service/data=!4m7!3m6!1s0x89d30dbc5fc6d115:0xf5840a74aa8dda05!8m2!3d42.8846244!4d-78.8114242!16s%2Fg%2F1vyk3h09!19sChIJFdHGX7wN04kRBdqNqnQKhPU?authuser=0&hl=en&g_ep=EgoyMDI2MDkyMy4wIJJjKgBIAVAD&rclk=1","LOW PRIORITY","New Lead"
"69","B L Son's Truck Repair & Services","Truck repair shop","89 Chicago St, Buffalo, NY 14204, United States","+1 (716) 854-1661","tel:+17168541661","4.7","0","NO WEBSITE (GOLDEN LEAD 🔥)","-","https://www.google.com/maps/place/B+L+Son%27s+Truck+Repair+%26+Services/data=!4m7!3m6!1s0x89d3122445563619:0x820ef4a70078cbb8!8m2!3d42.8707683!4d-78.8684118!16s%2Fg%2F1tcwmjv0!19sChIJGTZWRSQS04kRuMt4AKf0DoI?authuser=0&hl=en&g_ep=EgoyMDI2MDkyMy4wIJJjKgBIAVAD&rclk=1","HIGH PRIORITY 🎯","New Lead"
"70","Brute Spring & Equipment Inc","Truck repair shop","717 Elk St #5, Buffalo, NY 14210, United States","+1 (716) 826-4900","tel:+17168264900","5.0","0","HAS OFFICIAL WEBSITE","http://www.brutespring.com/","https://www.google.com/maps/place/Brute+Spring+%26+Equipment+Inc/data=!4m7!3m6!1s0x89d30dfb5b7d00b3:0x68521d046ae248b3!8m2!3d42.8638358!4d-78.8297615!16s%2Fg%2F1vb9f0yl!19sChIJswB9W_sN04kRs0jiagQdUmg?authuser=0&hl=en&g_ep=EgoyMDI2MDkyMy4wIJJjKgBIAVAD&rclk=1","LOW PRIORITY","New Lead"
"71","Kaminski & Sons Truck Equipment","Auto repair shop","245 Lewis St, Buffalo, NY 14206, United States","+1 (716) 852-1954","tel:+17168521954","4.5","0","HAS OFFICIAL WEBSITE","http://www.kaminskitruck.com/","https://www.google.com/maps/place/Kaminski+%26+Sons+Truck+Equipment/data=!4m7!3m6!1s0x89d30d8c297c65b9:0xb20a786c1ed75204!8m2!3d42.8834789!4d-78.8299397!16s%2Fg%2F1tnmsq6z!19sChIJuWV8KYwN04kRBFLXHmx4CrI?authuser=0&hl=en&g_ep=EgoyMDI2MDkyMy4wIJJjKgBIAVAD&rclk=1","LOW PRIORITY","New Lead"
"72","Penn Power Group","Truck repair shop","350 Bailey Ave, Buffalo, NY 14210, United States","+1 (716) 823-7242","tel:+17168237242","4.3","0","HAS OFFICIAL WEBSITE","http://www.pennpowergroup.com/","https://www.google.com/maps/place/Penn+Power+Group/data=!4m7!3m6!1s0x89d30de4ebb109ad:0x869a4457479ae841!8m2!3d42.8655468!4d-78.8250624!16s%2Fg%2F1q5d60vsk!19sChIJrQmx6-QN04kRQeiaR1dEmoY?authuser=0&hl=en&g_ep=EgoyMDI2MDkyMy4wIJJjKgBIAVAD&rclk=1","LOW PRIORITY","New Lead"
"73","MERJ Fleet Services, Inc.","Truck repair shop","1989 Harlem Rd, Buffalo, NY 14212, United States","+1 (716) 604-2300","tel:+17166042300","4.1","0","HAS OFFICIAL WEBSITE","http://merjfleetservices.com/","https://www.google.com/maps/place/MERJ+Fleet+Services,+Inc./data=!4m7!3m6!1s0x89d30c51baaf22e1:0xe2d748fe0d3007e7!8m2!3d42.8977412!4d-78.7835988!16s%2Fg%2F11bxjlcs9s!19sChIJ4SKvulEM04kR5wcwDf5I1-I?authuser=0&hl=en&g_ep=EgoyMDI2MDkyMy4wIJJjKgBIAVAD&rclk=1","LOW PRIORITY","New Lead"
"74","Marotta's Truck Repair","Truck repair shop","70 Gates Ave, Lackawanna, NY 14218, United States","+1 (716) 824-4559","tel:+17168244559","3.9","0","HAS OFFICIAL WEBSITE","http://www.marottastruckrepair.com/","https://www.google.com/maps/place/Marotta%27s+Truck+Repair/data=!4m7!3m6!1s0x89d311d1a4843735:0xddf90f8b0fcb17ed!8m2!3d42.8294063!4d-78.84812!16s%2Fg%2F1tdz0yhf!19sChIJNTeEpNER04kR7RfLD4sP-d0?authuser=0&hl=en&g_ep=EgoyMDI2MDkyMy4wIJJjKgBIAVAD&rclk=1","LOW PRIORITY","New Lead"
"75","Charley's Frontier Services","Truck repair shop","666 Tifft St, Buffalo, NY 14220, United States","+1 (716) 822-0688","tel:+17168220688","5.0","0","NO WEBSITE (GOLDEN LEAD 🔥)","-","https://www.google.com/maps/place/Charley%27s+Frontier+Services/data=!4m7!3m6!1s0x89d30e1c420b1aad:0xe2b1ec714388afd5!8m2!3d42.8473222!4d-78.8342749!16s%2Fg%2F1td4l2zj!19sChIJrRoLQhwO04kR1a-IQ3HsseI?authuser=0&hl=en&g_ep=EgoyMDI2MDkyMy4wIJJjKgBIAVAD&rclk=1","HIGH PRIORITY 🎯","New Lead"
"76","Al CONTE Truck and Auto Electric","Auto repair shop","817 Sycamore St, Buffalo, NY 14212, United States","+1 (716) 826-2066","tel:+17168262066","4.8","0","NO WEBSITE (GOLDEN LEAD 🔥)","-","https://www.google.com/maps/place/Al+CONTE+Truck+and+Auto+Electric/data=!4m7!3m6!1s0x89d313b27cac520d:0x7cfe844d75dcccda!8m2!3d42.8969312!4d-78.8407887!16s%2Fg%2F11q1vy3_mq!19sChIJDVKsfLIT04kR2szcdU2E_nw?authuser=0&hl=en&g_ep=EgoyMDI2MDkyMy4wIJJjKgBIAVAD&rclk=1","HIGH PRIORITY 🎯","New Lead"
"77","West Herr Chrysler Dodge Jeep Ram of Orchard Park Service and Parts","Auto repair shop","3551 Southwestern Blvd, Orchard Park, NY 14127, United States","+1 (716) 209-3813","tel:+17162093813","4.7","0","HAS OFFICIAL WEBSITE","https://www.cdjrorchardpark.com/service-department/?utm_source=google&utm_medium=organic&utm_campaign=gbp+service","https://www.google.com/maps/place/West+Herr+Chrysler+Dodge+Jeep+Ram+of+Orchard+Park+Service+and+Parts/data=!4m7!3m6!1s0x89d30f613c682007:0x7410ab015d7d9ad0!8m2!3d42.785923!4d-78.762163!16s%2Fg%2F1thd7nnd!19sChIJByBoPGEP04kR0Jp9XQGrEHQ?authuser=0&hl=en&g_ep=EgoyMDI2MDkyMy4wIJJjKgBIAVAD&rclk=1","LOW PRIORITY","New Lead"
"78","Fox Tire","Tire shop","1035 William St, Buffalo, NY 14206, United States","+1 (716) 856-1696","tel:+17168561696","4.5","0","HAS OFFICIAL WEBSITE","https://foxtire.com/","https://www.google.com/maps/place/Fox+Tire/data=!4m7!3m6!1s0x89d30d8be3331085:0xbf234de2118224f1!8m2!3d42.884777!4d-78.8329162!16s%2Fg%2F1tg692dl!19sChIJhRAz44sN04kR8SSCEeJNI78?authuser=0&hl=en&g_ep=EgoyMDI2MDkyMy4wIJJjKgBIAVAD&rclk=1","LOW PRIORITY","New Lead"
"79","King Tire","Tire shop","1525 William St, Buffalo, NY 14206, United States","+1 (716) 896-0351","tel:+17168960351","4.7","0","HAS OFFICIAL WEBSITE","https://kingtirebuffalo.com/","https://www.google.com/maps/place/King+Tire/data=!4m7!3m6!1s0x89d30dbc00000001:0xa29822300b6ff835!8m2!3d42.8845053!4d-78.8145794!16s%2Fg%2F1tfbp9k2!19sChIJAQAAALwN04kRNfhvCzAimKI?authuser=0&hl=en&g_ep=EgoyMDI2MDkyMy4wIJJjKgBIAVAD&rclk=1","LOW PRIORITY","New Lead"
"80","Buffalo Tires (New & Used Tires)","Tire shop","1385 Genesee St, Buffalo, NY 14211, United States","+1 (716) 768-0005","tel:+17167680005","4.5","0","HAS OFFICIAL WEBSITE","http://buffalotires.com/","https://www.google.com/maps/place/Buffalo+Tires+%28New+%26+Used+Tires%29/data=!4m7!3m6!1s0x89d30d9e12dc3309:0x4a670e66b4e724ed!8m2!3d42.9065585!4d-78.8285479!16s%2Fg%2F11gp5pnyz5!19sChIJCTPcEp4N04kR7STntGYOZ0o?authuser=0&hl=en&g_ep=EgoyMDI2MDkyMy4wIJJjKgBIAVAD&rclk=1","LOW PRIORITY","New Lead"
"81","Mobile Tire Depot","Tire service","1353 E Delavan Ave, Buffalo, NY 14215, United States","+1 (716) 406-8473","tel:+17164068473","4.9","0","HAS OFFICIAL WEBSITE","https://mobiletiredepot.com/","https://www.google.com/maps/place/Mobile+Tire+Depot/data=!4m7!3m6!1s0x8713c923d3671715:0xbc56e6da332e7133!8m2!3d42.9224188!4d-78.8064658!16s%2Fg%2F11yc948596!19sChIJFRdn0yPJE4cRM3EuM9rmVrw?authuser=0&hl=en&g_ep=EgoyMDI2MDkyMy4wIJJjKgBIAVAD&rclk=1","LOW PRIORITY","New Lead"
"82","Ben's Downtown Tire","Tire shop","50 Sycamore St, Buffalo, NY 14203, United States","+1 (716) 856-1066","tel:+17168561066","4.7","0","NO WEBSITE (GOLDEN LEAD 🔥)","-","https://www.google.com/maps/place/Ben%27s+Downtown+Tire/data=!4m7!3m6!1s0x89d312443df0d4e9:0x27072a8a79bce407!8m2!3d42.8889177!4d-78.8679327!16s%2Fg%2F1tjy2gxv!19sChIJ6dTwPUQS04kRB-S8eYoqByc?authuser=0&hl=en&g_ep=EgoyMDI2MDkyMy4wIJJjKgBIAVAD&rclk=1","HIGH PRIORITY 🎯","New Lead"
"83","Big Moe's Tires","Tire shop","411 Walden Ave, Buffalo, NY 14211, United States","+1 (716) 893-0222","tel:+17168930222","4.4","0","NO WEBSITE (GOLDEN LEAD 🔥)","-","https://www.google.com/maps/place/Big+Moe%27s+Tires/data=!4m7!3m6!1s0x89d30d0ade3a55c3:0xaed8112c8b12a25d!8m2!3d42.903686!4d-78.820883!16s%2Fg%2F11b6_gxnyk!19sChIJw1U63goN04kRXaISiywR2K4?authuser=0&hl=en&g_ep=EgoyMDI2MDkyMy4wIJJjKgBIAVAD&rclk=1","HIGH PRIORITY 🎯","New Lead"
"84","The Tire Depot & Auto","Tire shop","1353 E Delavan Ave, Buffalo, NY 14215, United States","+1 (716) 406-8473","tel:+17164068473","4.9","0","SOCIAL/DIRECTORY ONLY (GOLDEN LEAD 🔥)","https://facebook.com/tiredepotandauto","https://www.google.com/maps/place/The+Tire+Depot+%26+Auto/data=!4m7!3m6!1s0x89d30d6272827e2d:0x89a27c06aa312874!8m2!3d42.9224029!4d-78.8065397!16s%2Fg%2F11vm4qw1pq!19sChIJLX6CcmIN04kRdCgxqgZ8ook?authuser=0&hl=en&g_ep=EgoyMDI2MDkyMy4wIJJjKgBIAVAD&rclk=1","HIGH PRIORITY 🎯","New Lead"
"85","Community Tire Center","Tire shop","1675 Seneca St, Buffalo, NY 14210, United States","+1 (716) 827-8473","tel:+17168278473","4.7","0","SOCIAL/DIRECTORY ONLY (GOLDEN LEAD 🔥)","https://m.facebook.com/Community-Tire-Center-1389256011315429","https://www.google.com/maps/place/Community+Tire+Center/data=!4m7!3m6!1s0x89d30de14359f619:0x1cd5feeace677bf8!8m2!3d42.8628456!4d-78.8205656!16s%2Fg%2F1tkp5z82!19sChIJGfZZQ-EN04kR-Htnzur-1Rw?authuser=0&hl=en&g_ep=EgoyMDI2MDkyMy4wIJJjKgBIAVAD&rclk=1","HIGH PRIORITY 🎯","New Lead"
"86","LOVEJOY TIRES & AUTO REPAIR LLC","Tire shop","1255 Bailey Ave, Buffalo, NY 14206, United States","+1 (716) 931-9765","tel:+17169319765","4.1","0","NO WEBSITE (GOLDEN LEAD 🔥)","-","https://www.google.com/maps/place/LOVEJOY+TIRES+%26+AUTO+REPAIR+LLC/data=!4m7!3m6!1s0x89d30d51ec7a9735:0xdfdf93c5e3c27d8!8m2!3d42.8886591!4d-78.8138329!16s%2Fg%2F11rc9tszcv!19sChIJNZd67FEN04kR2Cc8Xjz5_Q0?authuser=0&hl=en&g_ep=EgoyMDI2MDkyMy4wIJJjKgBIAVAD&rclk=1","HIGH PRIORITY 🎯","New Lead"
"87","Tire Empire & Auto Repair","Used tire shop","1933 Genesee St, Buffalo, NY 14211, United States","+1 (716) 896-2020","tel:+17168962020","4.1","0","HAS OFFICIAL WEBSITE","http://www.tireempireandautorepair.com/","https://www.google.com/maps/place/Tire+Empire+%26+Auto+Repair/data=!4m7!3m6!1s0x89d30d15cb33e09b:0x2da6fdbaefc10177!8m2!3d42.9136187!4d-78.8105882!16s%2Fg%2F1tqp_6vq!19sChIJm-AzyxUN04kRdwHB77r9pi0?authuser=0&hl=en&g_ep=EgoyMDI2MDkyMy4wIJJjKgBIAVAD&rclk=1","LOW PRIORITY","New Lead"
"88","Moes tire and auto repair","Auto repair shop","339 N Ogden St, Buffalo, NY 14206, United States","+1 (716) 725-6228","tel:+17167256228","4.8","0","NO WEBSITE (GOLDEN LEAD 🔥)","-","https://www.google.com/maps/place/Moes+tire+and+auto+repair/data=!4m7!3m6!1s0x89d30d521594505f:0xf83a7045bee66687!8m2!3d42.8942791!4d-78.8019816!16s%2Fg%2F11r1rtzcx3!19sChIJX1CUFVIN04kRh2bmvkVwOvg?authuser=0&hl=en&g_ep=EgoyMDI2MDkyMy4wIJJjKgBIAVAD&rclk=1","HIGH PRIORITY 🎯","New Lead"
"89","Naples Roofing - Commercial & Industrial Roofing, Buffalo, NY","Roofing contractor","141 Livingston St, Buffalo, NY 14213, United States","+1 (716) 715-0756","tel:+17167150756","4.9","0","HAS OFFICIAL WEBSITE","https://naples-roofing.com/","https://www.google.com/maps/place/Naples+Roofing+-+Commercial+%26+Industrial+Roofing,+Buffalo,+NY/data=!4m7!3m6!1s0x89d3133670634425:0xccbe6d1fe294612e!8m2!3d42.9194191!4d-78.883042!16s%2Fg%2F1pv5z9182!19sChIJJURjcDYT04kRLmGU4h9tvsw?authuser=0&hl=en&g_ep=EgoyMDI2MDkyMy4wIJJjKgBIAVAD&rclk=1","LOW PRIORITY","New Lead"
"90","Mann Roofing and Remodeling","Roofing contractor","237 Pratt St, Buffalo, NY 14204, United States","+1 (716) 500-6266","tel:+17165006266","4.6","0","HAS OFFICIAL WEBSITE","https://www.mannconstruction-wny.com/","https://www.google.com/maps/place/Mann+Roofing+and+Remodeling/data=!4m7!3m6!1s0x89d313a9f9cb7453:0x1e59aee16c2a0ee9!8m2!3d42.8879732!4d-78.8577523!16s%2Fg%2F11h5rls0mr!19sChIJU3TL-akT04kR6Q4qbOGuWR4?authuser=0&hl=en&g_ep=EgoyMDI2MDkyMy4wIJJjKgBIAVAD&rclk=1","LOW PRIORITY","New Lead"
"91","King Remodeling Corp roofing contractor","Roofing contractor","48 Kenova St, Buffalo, NY 14214, United States","+1 (716) 705-1081","tel:+17167051081","5.0","0","HAS OFFICIAL WEBSITE","https://www.kingremodelingcorp.com/","https://www.google.com/maps/place/King+Remodeling+Corp+roofing+contractor/data=!4m7!3m6!1s0x6969ee7e5ace2937:0xd95c27cca41e9744!8m2!3d42.9293368!4d-78.8374459!16s%2Fg%2F11l6qhlxv5!19sChIJNynOWn7uaWkRRJcepMwnXNk?authuser=0&hl=en&g_ep=EgoyMDI2MDkyMy4wIJJjKgBIAVAD&rclk=1","LOW PRIORITY","New Lead"
"92","All Access Builders LLC","Roofing contractor","2017 Clinton St, Buffalo, NY 14206, United States","+1 (716) 770-6560","tel:+17167706560","4.9","0","HAS OFFICIAL WEBSITE","https://allaccessbuilders.com/roofing/?utm_source=GMBmain&utm_medium=organic","https://www.google.com/maps/place/All+Access+Builders+LLC/data=!4m7!3m6!1s0x89d30dcf2b7f05e1:0x8679633eca3e40f7!8m2!3d42.8715167!4d-78.8017272!16s%2Fg%2F11fll6ndq5!19sChIJ4QV_K88N04kR90A-yj5jeYY?authuser=0&hl=en&g_ep=EgoyMDI2MDkyMy4wIJJjKgBIAVAD&rclk=1","LOW PRIORITY","New Lead"
"93","Ironer Roof Replacement","Roofing contractor","556 Goodyear Ave, Buffalo, NY 14211, United States","+1 (716) 367-3066","tel:+17163673066","5.0","0","NO WEBSITE (GOLDEN LEAD 🔥)","-","https://www.google.com/maps/place/Ironer+Roof+Replacement/data=!4m7!3m6!1s0x89d30d22f1f16e75:0x2d6ba3b658349da4!8m2!3d42.911359!4d-78.8225299!16s%2Fg%2F11z6q7qq3b!19sChIJdW7x8SIN04kRpJ00WLajay0?authuser=0&hl=en&g_ep=EgoyMDI2MDkyMy4wIJJjKgBIAVAD&rclk=1","HIGH PRIORITY 🎯","New Lead"
"94","Purnex Roofing Buffalo","Roofing contractor","194 Cambridge Ave, Buffalo, NY 14215, United States","+1 (601) 594-5508","tel:+16015945508","5.0","0","NO WEBSITE (GOLDEN LEAD 🔥)","-","https://www.google.com/maps/place/Purnex+Roofing+Buffalo/data=!4m7!3m6!1s0x89d30d12fccdbeab:0x9ec359fa3ada57a3!8m2!3d42.9200381!4d-78.8229128!16s%2Fg%2F11z9rk62xw!19sChIJq77N_BIN04kRo1faOvpZw54?authuser=0&hl=en&g_ep=EgoyMDI2MDkyMy4wIJJjKgBIAVAD&rclk=1","HIGH PRIORITY 🎯","New Lead"
"95","Grove Roofing Services","Roofing contractor","131 Reading Ave, Buffalo, NY 14220, United States","+1 (716) 828-1870","tel:+17168281870","4.4","0","HAS OFFICIAL WEBSITE","http://www.groveroofing.com/","https://www.google.com/maps/place/Grove+Roofing+Services/data=!4m7!3m6!1s0x89d30e18091f86cd:0x4c504bc42ce68003!8m2!3d42.8407007!4d-78.8281265!16s%2Fg%2F1tdn0hd6!19sChIJzYYfCRgO04kRA4DmLMRLUEw?authuser=0&hl=en&g_ep=EgoyMDI2MDkyMy4wIJJjKgBIAVAD&rclk=1","LOW PRIORITY","New Lead"
"96","Pacifico Contracting & Home Improvement","Roofing contractor","485 Sunset Dr #126, Hamburg, NY 14075, United States","+1 (716) 294-7646","tel:+17162947646","4.7","0","HAS OFFICIAL WEBSITE","http://pacificocontracting.com/","https://www.google.com/maps/place/Pacifico+Contracting+%26+Home+Improvement/data=!4m7!3m6!1s0x89d305e9cb25675d:0x66e913ddbef5d2e5!8m2!3d42.8357526!4d-78.8061227!16s%2Fg%2F11p4ydy9f6!19sChIJXWcly-kF04kR5dL1vt0T6WY?authuser=0&hl=en&g_ep=EgoyMDI2MDkyMy4wIJJjKgBIAVAD&rclk=1","LOW PRIORITY","New Lead"
"97","Dynamite Home Repairs LLC","Roofing contractor","265 Hopkins St, Buffalo, NY 14220, United States","+1 (716) 510-5602","tel:+17165105602","4.8","0","HAS OFFICIAL WEBSITE","https://www.dynamitehomerepairsllc.com/","https://www.google.com/maps/place/Dynamite+Home+Repairs+LLC/data=!4m7!3m6!1s0x89d30fdddc463a6d:0x78e6a65743cb0d73!8m2!3d42.844667!4d-78.8319195!16s%2Fg%2F11n92nvd6b!19sChIJbTpG3N0P04kRcw3LQ1em5ng?authuser=0&hl=en&g_ep=EgoyMDI2MDkyMy4wIJJjKgBIAVAD&rclk=1","LOW PRIORITY","New Lead"
"98","Contractors Alchemist LLC","General contractor","50 Fountain Plz, Buffalo, NY 14202, United States","+1 (716) 466-7663","tel:+17164667663","5.0","0","HAS OFFICIAL WEBSITE","http://callalchemist.com/","https://www.google.com/maps/place/Contractors+Alchemist+LLC/data=!4m7!3m6!1s0x89d3134a9bdae7a7:0xcec8ba53c3ed1d38!8m2!3d42.8896274!4d-78.8739449!16s%2Fg%2F11n0d42c5k!19sChIJp-fam0oT04kROB3tw1O6yM4?authuser=0&hl=en&g_ep=EgoyMDI2MDkyMy4wIJJjKgBIAVAD&rclk=1","LOW PRIORITY","New Lead"
"99","Black Rock Roofing","Roofing contractor","797 Sheridan Dr, Tonawanda, NY 14150, United States","+1 (716) 875-5138","tel:+17168755138","4.7","0","HAS OFFICIAL WEBSITE","https://www.blackrockroofingny.com/?utm_source=google&utm_medium=organic&utm_campaign=gbp","https://www.google.com/maps/place/Black+Rock+Roofing/data=!4m7!3m6!1s0x89d31335f0f3b65d:0xd121a479e2121fd0!8m2!3d42.9791363!4d-78.9037269!16s%2Fg%2F1tql5rwr!19sChIJXbbz8DUT04kR0B8S4nmkIdE?authuser=0&hl=en&g_ep=EgoyMDI2MDkyMy4wIJJjKgBIAVAD&rclk=1","LOW PRIORITY","New Lead"
"100","Joseph A Sanders & Sons Inc","Roofing contractor","107 Lathrop St, Buffalo, NY 14212, United States","+1 (716) 893-1470","tel:+17168931470","5.0","0","HAS OFFICIAL WEBSITE","https://www.jasroofing.com/","https://www.google.com/maps/place/Joseph+A+Sanders+%26+Sons+Inc/data=!4m7!3m6!1s0x89d30d827d18f1f9:0xc68bf54c77982738!8m2!3d42.8979284!4d-78.8298174!16s%2Fg%2F1tczwx_v!19sChIJ-fEYfYIN04kROCeYd0z1i8Y?authuser=0&hl=en&g_ep=EgoyMDI2MDkyMy4wIJJjKgBIAVAD&rclk=1","LOW PRIORITY","New Lead"
"101","Cellino Plumbing, Heating, Cooling & Electric","Plumber","142 Van Rensselaer St, Buffalo, NY 14210, United States","+1 (716) 557-1222","tel:+17165571222","4.9","0","HAS OFFICIAL WEBSITE","https://cellinoplumbing.com/","https://www.google.com/maps/place/Cellino+Plumbing,+Heating,+Cooling+%26+Electric/data=!4m7!3m6!1s0x89d313d456e5dc93:0xef4bb6ebc45a7fcc!8m2!3d42.8735163!4d-78.8514908!16s%2Fg%2F11t6s84_hw!19sChIJk9zlVtQT04kRzH9axOu2S-8?authuser=0&hl=en&g_ep=EgoyMDI2MDkyMy4wIJJjKgBIAVAD&rclk=1","LOW PRIORITY","New Lead"
"102","Roto-Rooter Plumbing & Water Cleanup","Plumber","392 Franklin St Ste 3, Buffalo, NY 14204, United States","+1 (716) 648-4737","tel:+17166484737","4.8","0","HAS OFFICIAL WEBSITE","https://www.rotorooter.com/buffalo/?utm_source=Google&utm_medium=organic&utm_campaign=gmb&utm_content=website","https://www.google.com/maps/place/Roto-Rooter+Plumbing+%26+Water+Cleanup/data=!4m7!3m6!1s0x89d3126b815962b9:0x24a86ae6bf109f48!8m2!3d42.8958318!4d-78.8735916!16s%2Fg%2F11g71fklh6!19sChIJuWJZgWsS04kRSJ8Qv-ZqqCQ?authuser=0&hl=en&g_ep=EgoyMDI2MDkyMy4wIJJjKgBIAVAD&rclk=1","LOW PRIORITY","New Lead"
"103","Jon the Plumber","Plumber","1572 Main St, Buffalo, NY 14209, United States","+1 (716) 748-1123","tel:+17167481123","4.9","0","HAS OFFICIAL WEBSITE","http://www.jontheplumber.com/","https://www.google.com/maps/place/Jon+the+Plumber/data=!4m7!3m6!1s0x89d312e13cd16145:0xb3420460f1dd4906!8m2!3d42.916261!4d-78.864115!16s%2Fg%2F11c1vh_y6m!19sChIJRWHRPOES04kRBknd8WAEQrM?authuser=0&hl=en&g_ep=EgoyMDI2MDkyMy4wIJJjKgBIAVAD&rclk=1","LOW PRIORITY","New Lead"
"104","716-PLUMBER","Plumber","-","+1 (716) 758-6237","tel:+17167586237","5.0","0","HAS OFFICIAL WEBSITE","https://716-plumber.com/","https://www.google.com/maps/place/716-PLUMBER/data=!4m7!3m6!1s0x8395951f27084cd9:0xe2700f465fedc70c!8m2!3d42.9140929!4d-78.826224!16s%2Fg%2F11mznn6d88!19sChIJ2UwIJx-VlYMRDMftX0YPcOI?authuser=0&hl=en&g_ep=EgoyMDI2MDkyMy4wIJJjKgBIAVAD&rclk=1","LOW PRIORITY","New Lead"
"105","Delta P Plumbing Heating and Air Conditioning Inc","Plumber","-","+1 (716) 308-5213","tel:+17163085213","4.9","0","SOCIAL/DIRECTORY ONLY (GOLDEN LEAD 🔥)","https://www.facebook.com/Plumbingbuffalo","https://www.google.com/maps/place/Delta+P+Plumbing+Heating+and+Air+Conditioning+Inc/data=!4m7!3m6!1s0x2d252c7dbc0d3533:0x70b682cbe7f16b03!8m2!3d42.9681379!4d-78.826224!16s%2Fg%2F11y6x81rgv!19sChIJMzUNvH0sJS0RA2vx58uCtnA?authuser=0&hl=en&g_ep=EgoyMDI2MDkyMy4wIJJjKgBIAVAD&rclk=1","HIGH PRIORITY 🎯","New Lead"
"106","PCS Plumbing & Heating Inc","Plumber","2286 South Park Ave, Buffalo, NY 14220, United States","+1 (716) 822-4302","tel:+17168224302","4.9","0","HAS OFFICIAL WEBSITE","http://pcsplumbing.com/","https://www.google.com/maps/place/PCS+Plumbing+%26+Heating+Inc/data=!4m7!3m6!1s0x89d30e23b0c03ef1:0x9a4512edc8e806e8!8m2!3d42.8362354!4d-78.8235219!16s%2Fg%2F1tfb2zsj!19sChIJ8T7AsCMO04kR6AboyO0SRZo?authuser=0&hl=en&g_ep=EgoyMDI2MDkyMy4wIJJjKgBIAVAD&rclk=1","LOW PRIORITY","New Lead"
"107","T-Mark Plumbing, Heating & Cooling- Buffalo","HVAC contractor","577 Englewood Ave, Buffalo, NY 14223, United States","+1 (716) 864-7277","tel:+17168647277","4.9","0","HAS OFFICIAL WEBSITE","https://t-markplumbing.com/?utm_source=google&utm_medium=organic&utm_campaign=GBP&utm_content=buffalo","https://www.google.com/maps/place/T-Mark+Plumbing,+Heating+%26+Cooling-+Buffalo/data=!4m7!3m6!1s0x89d36d47e2a98eb3:0x5327289561e6940e!8m2!3d42.9631138!4d-78.840752!16s%2Fg%2F1vntkwdl!19sChIJs46p4kdt04kRDpTmYZUoJ1M?authuser=0&hl=en&g_ep=EgoyMDI2MDkyMy4wIJJjKgBIAVAD&rclk=1","LOW PRIORITY","New Lead"
"108","Zirpoli Plumbing","Plumber","99 Mariemont Ave, Buffalo, NY 14220, United States","+1 (716) 829-7224","tel:+17168297224","4.8","0","HAS OFFICIAL WEBSITE","http://www.zirpoliplumbing.com/","https://www.google.com/maps/place/Zirpoli+Plumbing/data=!4m7!3m6!1s0x89d30e15bfb2cc5d:0xcce217395529f164!8m2!3d42.8409857!4d-78.8196915!16s%2Fg%2F11fx7wx9rx!19sChIJXcyyvxUO04kRZPEpVTkX4sw?authuser=0&hl=en&g_ep=EgoyMDI2MDkyMy4wIJJjKgBIAVAD&rclk=1","LOW PRIORITY","New Lead"
"109","Premier Plumbing WNY","Plumber","-","+1 (716) 216-2484","tel:+17162162484","5.0","0","HAS OFFICIAL WEBSITE","https://www.premierplumbing716.com/","https://www.google.com/maps/place/Premier+Plumbing+WNY/data=!4m7!3m6!1s0x8e4e039b0b50348d:0x72c7a79068463577!8m2!3d42.9109405!4d-78.826224!16s%2Fg%2F11vjl57fmg!19sChIJjTRQC5sDTo4RdzVGaJCnx3I?authuser=0&hl=en&g_ep=EgoyMDI2MDkyMy4wIJJjKgBIAVAD&rclk=1","LOW PRIORITY","New Lead"
"110","Military Mechanical, Plumbing - Heating - Cooling","Heating contractor","-","+1 (716) 616-0150","tel:+17166160150","4.7","0","HAS OFFICIAL WEBSITE","http://militarymechanical.com/","https://www.google.com/maps/place/Military+Mechanical,+Plumbing+-+Heating+-+Cooling/data=!4m7!3m6!1s0x89d30dad8ca7f99f:0x3153277ced3a1cfb!8m2!3d42.9515335!4d-78.868881!16s%2Fg%2F11h7sw25l3!19sChIJn_mnjK0N04kR-xw67XwnUzE?authuser=0&hl=en&g_ep=EgoyMDI2MDkyMy4wIJJjKgBIAVAD&rclk=1","LOW PRIORITY","New Lead"
"111","Ritter & Sentry Plumbing","Plumber","1053 Walden Ave, Buffalo, NY 14211, United States","+1 (716) 894-4181","tel:+17168944181","3.7","0","HAS OFFICIAL WEBSITE","http://www.rittersentryplumbing.com/","https://www.google.com/maps/place/Ritter+%26+Sentry+Plumbing/data=!4m7!3m6!1s0x89d30d1cf2a9ad15:0xeb5b9437f16ee6e7!8m2!3d42.9065325!4d-78.7970527!16s%2Fg%2F11cns02cmc!19sChIJFa2p8hwN04kR5-Zu8TeUW-s?authuser=0&hl=en&g_ep=EgoyMDI2MDkyMy4wIJJjKgBIAVAD&rclk=1","LOW PRIORITY","New Lead"
"112","Reimer Heating, Cooling & Plumbing","Air conditioning contractor","2575 Broadway, Cheektowaga, NY 14227, United States","+1 (716) 902-6828","tel:+17169026828","4.9","0","HAS OFFICIAL WEBSITE","https://reimerhvac.com/cheektowaga/?utm_source=google-gbp&utm_medium=organic&utm_campaign=*167*reimer-home-services-Cheektowaga","https://www.google.com/maps/place/Reimer+Heating,+Cooling+%26+Plumbing/data=!4m7!3m6!1s0x89d36dd7d4683079:0x3486d970969433aa!8m2!3d42.9005906!4d-78.7792429!16s%2Fg%2F1tgqkdhd!19sChIJeTBo1Ndt04kRqjOUlnDZhjQ?authuser=0&hl=en&g_ep=EgoyMDI2MDkyMy4wIJJjKgBIAVAD&rclk=1","LOW PRIORITY","New Lead"
"113","Adema Heating & Air Conditioning Inc","HVAC contractor","378 Englewood Ave, Buffalo, NY 14223, United States","+1 (716) 834-7611","tel:+17168347611","4.8","0","HAS OFFICIAL WEBSITE","http://www.ademaheating.com/","https://www.google.com/maps/place/Adema+Heating+%26+Air+Conditioning+Inc/data=!4m7!3m6!1s0x89d3729ef95d1339:0xd90cde2962917774!8m2!3d42.9594332!4d-78.83503!16s%2Fg%2F1td396_b!19sChIJORNd-Z5y04kRdHeRYineDNk?authuser=0&hl=en&g_ep=EgoyMDI2MDkyMy4wIJJjKgBIAVAD&rclk=1","LOW PRIORITY","New Lead"
"114","Climate Diagnostics LLC","Heating contractor","59 Zittel St, Buffalo, NY 14210, United States","-","-","5.0","0","HAS OFFICIAL WEBSITE","https://climatediagnosticswny.com/","https://www.google.com/maps/place/Climate+Diagnostics+LLC/data=!4m7!3m6!1s0x89d373e4f53e11ed:0x5c66c2a0c235d376!8m2!3d42.8550385!4d-78.8061636!16s%2Fg%2F11swpgq5nn!19sChIJ7RE-9eRz04kRdtM1wqDCZlw?authuser=0&hl=en&g_ep=EgoyMDI2MDkyMy4wIJJjKgBIAVAD&rclk=1","LOW PRIORITY","New Lead"
"115","O'Donnell Heating & Air Conditioning Inc - Buffalo","HVAC contractor","2032 Eggert Rd, Buffalo, NY 14226, United States","+1 (716) 936-8010","tel:+17169368010","4.7","0","HAS OFFICIAL WEBSITE","https://odonnellheating.com/?utm_source=google-gbp&utm_medium=organic&utm_campaign=*657*o-donnell-heating-buffalo","https://www.google.com/maps/place/O%27Donnell+Heating+%26+Air+Conditioning+Inc+-+Buffalo/data=!4m7!3m6!1s0x89d37260dc5ebafb:0x65b5560960a75ac1!8m2!3d42.9778987!4d-78.8177659!16s%2Fg%2F1tp1zt45!19sChIJ-7pe3GBy04kRwVqnYAlWtWU?authuser=0&hl=en&g_ep=EgoyMDI2MDkyMy4wIJJjKgBIAVAD&rclk=1","LOW PRIORITY","New Lead"
"116","Central Heating & Cooling, Inc.","Air conditioning contractor","2210 William St, Cheektowaga, NY 14206, United States","+1 (716) 892-7965","tel:+17168927965","4.8","0","HAS OFFICIAL WEBSITE","https://www.centralheatingandcooling.com/?utm_source=google-gbp&utm_medium=organic&utm_campaign=*59*central-heating-cooling-cheektowaga","https://www.google.com/maps/place/Central+Heating+%26+Cooling,+Inc./data=!4m7!3m6!1s0x89d30c4d8b00ca9b:0xf8171faf62684658!8m2!3d42.8846723!4d-78.7888705!16s%2Fg%2F1w0r0x0y!19sChIJm8oAi00M04kRWEZoYq8fF_g?authuser=0&hl=en&g_ep=EgoyMDI2MDkyMy4wIJJjKgBIAVAD&rclk=1","LOW PRIORITY","New Lead"
"117","Isaac Heating and Air Conditioning","Air conditioning repair service","70 Benbro Dr, Buffalo, NY 14225, United States","+1 (716) 929-6276","tel:+17169296276","4.9","0","HAS OFFICIAL WEBSITE","https://www.isaacheating.com/?utm_source=google&utm_medium=organic&utm_campaign=GMBListing-Buffalo-NY","https://www.google.com/maps/place/Isaac+Heating+and+Air+Conditioning/data=!4m7!3m6!1s0x89d30b5d3146fd95:0x3cb739e4cee9e36f!8m2!3d42.91003!4d-78.7367518!16s%2Fg%2F11c0rvn8sm!19sChIJlf1GMV0L04kRb-PpzuQ5tzw?authuser=0&hl=en&g_ep=EgoyMDI2MDkyMy4wIJJjKgBIAVAD&rclk=1","LOW PRIORITY","New Lead"
"118","A. G. Roehrig and Son, LLC.","HVAC contractor","225 French St, Buffalo, NY 14211, United States","+1 (716) 892-8857","tel:+17168928857","4.0","0","HAS OFFICIAL WEBSITE","http://www.agroehrigandson.com/?utm_source=Google%20My%20Business&utm_medium=Link","https://www.google.com/maps/place/A.+G.+Roehrig+and+Son,+LLC./data=!4m7!3m6!1s0x89d31282aeef1fcd:0xfe4f365b8ec3b9f9!8m2!3d42.9101555!4d-78.8305612!16s%2Fg%2F1tgcn876!19sChIJzR_vroIS04kR-bnDjls2T_4?authuser=0&hl=en&g_ep=EgoyMDI2MDkyMy4wIJJjKgBIAVAD&rclk=1","LOW PRIORITY","New Lead"
"119","JP Heating & Cooling, LLC.","HVAC contractor","2060 Niagara St, Buffalo, NY 14207, United States","+1 (716) 832-8200","tel:+17168328200","5.0","0","HAS OFFICIAL WEBSITE","https://controllingyourair.com/?utm_source=Google&utm_medium=Organic&utm_campaign=GBP","https://www.google.com/maps/place/JP+Heating+%26+Cooling,+LLC./data=!4m7!3m6!1s0x89d3727d3c3aa693:0x6798f2544e923402!8m2!3d42.9402166!4d-78.9054627!16s%2Fg%2F1tfpqp38!19sChIJk6Y6PH1y04kRAjSSTlTymGc?authuser=0&hl=en&g_ep=EgoyMDI2MDkyMy4wIJJjKgBIAVAD&rclk=1","LOW PRIORITY","New Lead"
"120","Zenner & Ritter Home Services","Heating contractor","3404 Bailey Ave, Buffalo, NY 14215, United States","+1 (716) 714-0131","tel:+17167140131","4.9","0","HAS OFFICIAL WEBSITE","https://www.zennerandritter.com/?utm_campaign=gmb","https://www.google.com/maps/place/Zenner+%26+Ritter+Home+Services/data=!4m7!3m6!1s0x89d372c70c62cd7f:0xa4a0988363dc7ecc!8m2!3d42.9477!4d-78.8140036!16s%2Fg%2F1tgptlty!19sChIJf81iDMdy04kRzH7cY4OYoKQ?authuser=0&hl=en&g_ep=EgoyMDI2MDkyMy4wIJJjKgBIAVAD&rclk=1","LOW PRIORITY","New Lead"
"121","Buffalo Heating & Air Conditioning","HVAC contractor","501 Franklin St, Buffalo, NY 14202, United States","+1 (716) 452-5765","tel:+17164525765","4.9","0","NO WEBSITE (GOLDEN LEAD 🔥)","-","https://www.google.com/maps/place/Buffalo+Heating+%26+Air+Conditioning/data=!4m7!3m6!1s0x89d30db9f8618b09:0xee04ae3bf74e8d95!8m2!3d42.8997992!4d-78.8719908!16s%2Fg%2F1tjwjqtn!19sChIJCYth-LkN04kRlY1O9zuuBO4?authuser=0&hl=en&g_ep=EgoyMDI2MDkyMy4wIJJjKgBIAVAD&rclk=1","HIGH PRIORITY 🎯","New Lead"
"122","Buffalo Heating & Air Conditioning","Air conditioning contractor","635 E Eagle St, Buffalo, NY 14210, United States","+1 (716) 271-9048","tel:+17162719048","5.0","0","NO WEBSITE (GOLDEN LEAD 🔥)","-","https://www.google.com/maps/place/Buffalo+Heating+%26+Air+Conditioning/data=!4m7!3m6!1s0x89d36e1417d4392b:0xc78ca2db27e3d148!8m2!3d42.8799876!4d-78.8514213!16s%2Fg%2F1w4vkxrb!19sChIJKznUFxRu04kRSNHjJ9uijMc?authuser=0&hl=en&g_ep=EgoyMDI2MDkyMy4wIJJjKgBIAVAD&rclk=1","HIGH PRIORITY 🎯","New Lead"
"123","Cozy Bros Heating And Cooling","HVAC contractor","-","+1 (716) 412-5494","tel:+17164125494","5.0","0","HAS OFFICIAL WEBSITE","https://cozybrosheating.com/","https://www.google.com/maps/place/Cozy+Bros+Heating+And+Cooling/data=!4m7!3m6!1s0x89d30d2628e2dd53:0xbe0df3c00d4e932a!8m2!3d42.3799484!4d-76.4716749!16s%2Fg%2F11ldh1wmy3!19sChIJU93iKCYN04kRKpNODcDzDb4?authuser=0&hl=en&g_ep=EgoyMDI2MDkyMy4wIJJjKgBIAVAD&rclk=1","LOW PRIORITY","New Lead"
"124","TRS Heating and Air Conditioning, Inc","HVAC contractor","14 Ransier Dr, West Seneca, NY 14224, United States","+1 (716) 825-9911","tel:+17168259911","4.5","0","HAS OFFICIAL WEBSITE","https://trsheatingandairconditioning.com/","https://www.google.com/maps/place/TRS+Heating+and+Air+Conditioning,+Inc/data=!4m7!3m6!1s0x89d30e088ec55555:0xb5edafd558e1891!8m2!3d42.8499903!4d-78.7470188!16s%2Fg%2F11nnwgb4z8!19sChIJVVXFjggO04kRkRiOVf3aXgs?authuser=0&hl=en&g_ep=EgoyMDI2MDkyMy4wIJJjKgBIAVAD&rclk=1","LOW PRIORITY","New Lead"
"125","Dugas Electric","Electrician","475 Ellicott St, Buffalo, NY 14203, United States","+1 (716) 652-8618","tel:+17166528618","4.8","0","HAS OFFICIAL WEBSITE","http://www.dugaselectric.com/","https://www.google.com/maps/place/Dugas+Electric/data=!4m7!3m6!1s0x89d3a7e197df7991:0xba6f569fa67021e!8m2!3d42.8912116!4d-78.8699787!16s%2Fg%2F1264hsq2s!19sChIJkXnfl-Gn04kRHgJn-mn1pgs?authuser=0&hl=en&g_ep=EgoyMDI2MDkyMy4wIJJjKgBIAVAD&rclk=1","LOW PRIORITY","New Lead"
"126","Barr Electric","Electrician","1509 Clinton St, Buffalo, NY 14206, United States","+1 (716) 227-0387","tel:+17162270387","4.9","0","HAS OFFICIAL WEBSITE","http://barrelectric.net/","https://www.google.com/maps/place/Barr+Electric/data=!4m7!3m6!1s0x8aa049ee8582c85f:0xa532ef6d18d69090!8m2!3d42.8718114!4d-78.8210538!16s%2Fg%2F11t_m8f6ry!19sChIJX8iChe5JoIoRkJDWGG3vMqU?authuser=0&hl=en&g_ep=EgoyMDI2MDkyMy4wIJJjKgBIAVAD&rclk=1","LOW PRIORITY","New Lead"
"127","Ferguson Electric, Inc.","Electrical installation service","321 Ellicott St, Buffalo, NY 14203, United States","+1 (716) 852-2010","tel:+17168522010","4.7","0","HAS OFFICIAL WEBSITE","https://www.fergusonelectric.com/","https://www.google.com/maps/place/Ferguson+Electric,+Inc./data=!4m7!3m6!1s0x89d3120709a27d35:0xabcdfe289a927574!8m2!3d42.8872207!4d-78.8711269!16s%2Fg%2F1262d10sl!19sChIJNX2iCQcS04kRdHWSmij-zas?authuser=0&hl=en&g_ep=EgoyMDI2MDkyMy4wIJJjKgBIAVAD&rclk=1","LOW PRIORITY","New Lead"
"128","C V M Electric Inc","Electrician","220 Dingens St, Buffalo, NY 14206, United States","+1 (716) 824-2200","tel:+17168242200","3.8","0","HAS OFFICIAL WEBSITE","https://www.cvmelectric.com/","https://www.google.com/maps/place/C+V+M+Electric+Inc/data=!4m7!3m6!1s0x89d30db8925002a5:0x12dc9345f3e5c09c!8m2!3d42.8782735!4d-78.8079717!16s%2Fg%2F1tlc912y!19sChIJpQJQkrgN04kRnMDl80WT3BI?authuser=0&hl=en&g_ep=EgoyMDI2MDkyMy4wIJJjKgBIAVAD&rclk=1","LOW PRIORITY","New Lead"
"129","Great Lakes Electrical, LLC","Electrician","180 Elk St, Buffalo, NY 14210, United States","+1 (716) 697-3895","tel:+17166973895","4.8","0","HAS OFFICIAL WEBSITE","https://www.greatlakeselectricalny.com/","https://www.google.com/maps/place/Great+Lakes+Electrical,+LLC/data=!4m7!3m6!1s0x89d3130ce3f550a9:0xf45a72b4495cc938!8m2!3d42.8689057!4d-78.8470758!16s%2Fg%2F11f7659bp2!19sChIJqVD14wwT04kROMlcSbRyWvQ?authuser=0&hl=en&g_ep=EgoyMDI2MDkyMy4wIJJjKgBIAVAD&rclk=1","LOW PRIORITY","New Lead"
"130","Deltex Electric Inc.","Electrician","220 Elk St, Buffalo, NY 14210, United States","+1 (716) 822-8622","tel:+17168228622","4.1","0","HAS OFFICIAL WEBSITE","http://deltexelectric.com/","https://www.google.com/maps/place/Deltex+Electric+Inc./data=!4m7!3m6!1s0x89d312044ceaf69f:0xf49a0ee8225c307b!8m2!3d42.8686397!4d-78.8457687!16s%2Fg%2F11c0x8fmlk!19sChIJn_bqTAQS04kRezBcIugOmvQ?authuser=0&hl=en&g_ep=EgoyMDI2MDkyMy4wIJJjKgBIAVAD&rclk=1","LOW PRIORITY","New Lead"
"131","Wittburn Electric","Electrician","36 Cypress St, Buffalo, NY 14204, United States","+1 (716) 405-0926","tel:+17164050926","5.0","0","HAS OFFICIAL WEBSITE","http://www.wittburn.net/","https://www.google.com/maps/place/Wittburn+Electric/data=!4m7!3m6!1s0x89d31243eecbb2c1:0x58d6097013dfacc3!8m2!3d42.8885507!4d-78.8656207!16s%2Fg%2F1tht2fdn!19sChIJwbLL7kMS04kRw6zfE3AJ1lg?authuser=0&hl=en&g_ep=EgoyMDI2MDkyMy4wIJJjKgBIAVAD&rclk=1","LOW PRIORITY","New Lead"
"132","OS Electric Inc","Electrician","1573 Niagara St, Buffalo, NY 14213, United States","+1 (716) 689-7394","tel:+17166897394","4.0","0","NO WEBSITE (GOLDEN LEAD 🔥)","-","https://www.google.com/maps/place/OS+Electric+Inc/data=!4m7!3m6!1s0x89d3133cf7f83219:0xaabee22e5d9e3545!8m2!3d42.9273269!4d-78.897374!16s%2Fg%2F1hc4k9hn9!19sChIJGTL49zwT04kRRTWeXS7ivqo?authuser=0&hl=en&g_ep=EgoyMDI2MDkyMy4wIJJjKgBIAVAD&rclk=1","HIGH PRIORITY 🎯","New Lead"
"133","Jameson Electric, Heating & Air","Electrician","1320 Military Rd, Kenmore, NY 14217, United States","+1 (716) 316-2302","tel:+17163162302","4.7","0","HAS OFFICIAL WEBSITE","http://www.calljameson.com/","https://www.google.com/maps/place/Jameson+Electric,+Heating+%26+Air/data=!4m7!3m6!1s0x89d36e419109c1b5:0x2cbee2713e4342fe!8m2!3d42.9731778!4d-78.8874263!16s%2Fg%2F1hm2gg4gr!19sChIJtcEJkUFu04kR_kJDPnHiviw?authuser=0&hl=en&g_ep=EgoyMDI2MDkyMy4wIJJjKgBIAVAD&rclk=1","LOW PRIORITY","New Lead"
"134","Master Electric of WNY","Electrician","105 Wagner Ave, Buffalo, NY 14212, United States","+1 (716) 894-8011","tel:+17168948011","3.1","0","HAS OFFICIAL WEBSITE","http://www.eccbuffalo.com/","https://www.google.com/maps/place/Master+Electric+of+WNY/data=!4m7!3m6!1s0x89d30dabfcff84ff:0x4b8ef61cd48ad213!8m2!3d42.8910088!4d-78.7983252!16s%2Fg%2F1tdbrvw1!19sChIJ_4T__KsN04kRE9KK1Bz2jks?authuser=0&hl=en&g_ep=EgoyMDI2MDkyMy4wIJJjKgBIAVAD&rclk=1","LOW PRIORITY","New Lead"
"135","Industrial Power and Lighting","Electrician","60 Depot St, Buffalo, NY 14206, United States","+1 (716) 854-1811","tel:+17168541811","5.0","0","HAS OFFICIAL WEBSITE","http://www.iplcorp.com/","https://www.google.com/maps/place/Industrial+Power+and+Lighting/data=!4m7!3m6!1s0x89d30d8df714a773:0xed03ddb5c87529d6!8m2!3d42.883054!4d-78.8271821!16s%2Fg%2F11f54jc9s9!19sChIJc6cU940N04kR1il1yLXdA-0?authuser=0&hl=en&g_ep=EgoyMDI2MDkyMy4wIJJjKgBIAVAD&rclk=1","LOW PRIORITY","New Lead"
"136","Integrity Electric","Electrician","-","+1 (716) 913-2703","tel:+17169132703","4.7","0","HAS OFFICIAL WEBSITE","https://www.integrityelectriconline.com/","https://www.google.com/maps/place/Integrity+Electric/data=!4m7!3m6!1s0x89d3a72373ff8e47:0xa6f72653980d5706!8m2!3d42.945447!4d-78.8152784!16s%2Fg%2F11ckxvvr0v!19sChIJR47_cyOn04kRBlcNmFMm96Y?authuser=0&hl=en&g_ep=EgoyMDI2MDkyMy4wIJJjKgBIAVAD&rclk=1","LOW PRIORITY","New Lead"
"137","Redefine Landscaping","Landscape designer","-","+1 (716) 899-5995","tel:+17168995995","4.8","0","HAS OFFICIAL WEBSITE","https://redefinelandscaping.com/","https://www.google.com/maps/place/Redefine+Landscaping/data=!4m7!3m6!1s0x89d30ac97d8359ed:0xb1e6b74bc2557945!8m2!3d42.8915574!4d-78.7553929!16s%2Fg%2F1tfjm2z_!19sChIJ7VmDfckK04kRRXlVwku35rE?authuser=0&hl=en&g_ep=EgoyMDI2MDkyMy4wIJJjKgBIAVAD&rclk=1","LOW PRIORITY","New Lead"
"138","Buffalo Lawn & Pest Services","Lawn care service","224 Dingens St, Buffalo, NY 14206, United States","+1 (716) 961-9431","tel:+17169619431","4.8","0","HAS OFFICIAL WEBSITE","https://www.buffalolawns.com/","https://www.google.com/maps/place/Buffalo+Lawn+%26+Pest+Services/data=!4m7!3m6!1s0x89d30db8f664f315:0x1ae696d7163232e5!8m2!3d42.8782194!4d-78.8072633!16s%2Fg%2F1t_wqbbr!19sChIJFfNk9rgN04kR5TIyFteW5ho?authuser=0&hl=en&g_ep=EgoyMDI2MDkyMy4wIJJjKgBIAVAD&rclk=1","LOW PRIORITY","New Lead"
"139","KD Landscaping and Snow Plowing","Landscaper","-","+1 (716) 400-4369","tel:+17164004369","4.8","0","HAS OFFICIAL WEBSITE","https://kdlandscapingandsnowplowingbuffalo.com/","https://www.google.com/maps/place/KD+Landscaping+and+Snow+Plowing/data=!4m7!3m6!1s0x89d36d3906cb2b15:0x59757d341f676331!8m2!3d42.944568!4d-78.826224!16s%2Fg%2F11bwhb7057!19sChIJFSvLBjlt04kRMWNnHzR9dVk?authuser=0&hl=en&g_ep=EgoyMDI2MDkyMy4wIJJjKgBIAVAD&rclk=1","LOW PRIORITY","New Lead"
"140","Green's Landscaping & Services LLC","Lawn care service","43 Bremen St, Buffalo, NY 14213, United States","+1 (716) 816-8725","tel:+17168168725","4.4","0","HAS OFFICIAL WEBSITE","https://www.greens-landscaping-services.com/","https://www.google.com/maps/place/Green%27s+Landscaping+%26+Services+LLC/data=!4m7!3m6!1s0x89d313c53db1ce01:0xbbc63296e64841c3!8m2!3d42.9104881!4d-78.886248!16s%2Fg%2F11m59sdf7t!19sChIJAc6xPcUT04kRw0FI5pYyxrs?authuser=0&hl=en&g_ep=EgoyMDI2MDkyMy4wIJJjKgBIAVAD&rclk=1","LOW PRIORITY","New Lead"
"141","SANTANA LANDSCAPING","Landscape designer","27 Metcalfe St, Buffalo, NY 14206, United States","+1 (716) 563-9524","tel:+17165639524","4.9","0","NO WEBSITE (GOLDEN LEAD 🔥)","-","https://www.google.com/maps/place/SANTANA+LANDSCAPING/data=!4m7!3m6!1s0x89d30d89a944fd3d:0xeb083abe1d31b3c!8m2!3d42.8805131!4d-78.8361833!16s%2Fg%2F11s2nk56f1!19sChIJPf1EqYkN04kRPBvT4auDsA4?authuser=0&hl=en&g_ep=EgoyMDI2MDkyMy4wIJJjKgBIAVAD&rclk=1","HIGH PRIORITY 🎯","New Lead"
"142","Landscape For Less of Western New York","Landscaper","3620 Harlem Rd Ste 17, Buffalo, NY 14215, United States","+1 (716) 339-9230","tel:+17163399230","4.8","0","HAS OFFICIAL WEBSITE","http://landscapeforlesswny.com/","https://www.google.com/maps/place/Landscape+For+Less+of+Western+New+York/data=!4m7!3m6!1s0x89d30d5a0e65262f:0xdb65fb0addca6dd9!8m2!3d42.9427047!4d-78.7846761!16s%2Fg%2F11ftvtwq86!19sChIJLyZlDloN04kR2W3K3Qr7Zds?authuser=0&hl=en&g_ep=EgoyMDI2MDkyMy4wIJJjKgBIAVAD&rclk=1","LOW PRIORITY","New Lead"
"143","Percy's Lawn Care and Son","Lawn care service","-","+1 (716) 245-5296","tel:+17162455296","4.9","0","HAS OFFICIAL WEBSITE","http://www.percyslawncare.com/","https://www.google.com/maps/place/Percy%27s+Lawn+Care+and+Son/data=!4m7!3m6!1s0x89d372c83e778f89:0x32801232f67e195a!8m2!3d42.7852054!4d-78.8862675!16s%2Fg%2F11cmglw_3t!19sChIJiY93Pshy04kRWhl-9jISgDI?authuser=0&hl=en&g_ep=EgoyMDI2MDkyMy4wIJJjKgBIAVAD&rclk=1","LOW PRIORITY","New Lead"
"144","10x Landscaping & Snow Plowing Service","Landscape designer","-","+1 (716) 303-3595","tel:+17163033595","5.0","0","HAS OFFICIAL WEBSITE","https://10xlandscaping.com/","https://www.google.com/maps/place/10x+Landscaping+%26+Snow+Plowing+Service/data=!4m7!3m6!1s0x2d90b826beeece5:0x3c8c100355ac8e02!8m2!3d42.7919665!4d-78.7267344!16s%2Fg%2F11krhs_592!19sChIJ5ezua4IL2QIRAo6sVQMQjDw?authuser=0&hl=en&g_ep=EgoyMDI2MDkyMy4wIJJjKgBIAVAD&rclk=1","LOW PRIORITY","New Lead"
"145","Lud's Landscaping Inc","Landscaper","320 Rhode Island St #2234, Buffalo, NY 14213, United States","+1 (716) 885-2285","tel:+17168852285","4.3","0","HAS OFFICIAL WEBSITE","http://www.ludslandscaping.com/","https://www.google.com/maps/place/Lud%27s+Landscaping+Inc/data=!4m7!3m6!1s0x89d31303f6596beb:0xb917e5fe526d5d20!8m2!3d42.9099673!4d-78.8892726!16s%2Fg%2F1vf9dbrk!19sChIJ62tZ9gMT04kRIF1tUv7lF7k?authuser=0&hl=en&g_ep=EgoyMDI2MDkyMy4wIJJjKgBIAVAD&rclk=1","LOW PRIORITY","New Lead"
"146","CGS Lawn and Co Inc","Landscape designer","1504 Bailey Ave, Buffalo, NY 14212, United States","+1 (716) 570-1947","tel:+17165701947","5.0","0","HAS OFFICIAL WEBSITE","http://www.cgslawnandco.com/","https://www.google.com/maps/place/CGS+Lawn+and+Co+Inc/data=!4m7!3m6!1s0x89d30d746ed7f961:0x2dcf26456906f748!8m2!3d42.8952235!4d-78.8145454!16s%2Fg%2F11mq31r241!19sChIJYfnXbnQN04kRSPcGaUUmzy0?authuser=0&hl=en&g_ep=EgoyMDI2MDkyMy4wIJJjKgBIAVAD&rclk=1","LOW PRIORITY","New Lead"
"147","Ryan's Lawncare and Plowing","Lawn care service","1734 Clinton St, Buffalo, NY 14206, United States","+1 (716) 826-3740","tel:+17168263740","4.4","0","NO WEBSITE (GOLDEN LEAD 🔥)","-","https://www.google.com/maps/place/Ryan%27s+Lawncare+and+Plowing/data=!4m7!3m6!1s0x89d30dc3d22f4e1d:0xef3dc2b1f916358b!8m2!3d42.8721773!4d-78.812558!16s%2Fg%2F1tdz0yh8!19sChIJHU4v0sMN04kRizUW-bHCPe8?authuser=0&hl=en&g_ep=EgoyMDI2MDkyMy4wIJJjKgBIAVAD&rclk=1","HIGH PRIORITY 🎯","New Lead"
"148","Buffalo Landscaping Brothers","Landscaper","-","+1 (716) 909-9212","tel:+17169099212","5.0","0","HAS OFFICIAL WEBSITE","https://www.blbrothers.com/","https://www.google.com/maps/place/Buffalo+Landscaping+Brothers/data=!4m7!3m6!1s0x89d371c0d2293d73:0xf82f6c327e8530c3!8m2!3d42.925089!4d-78.864442!16s%2Fg%2F11scm48f0w!19sChIJcz0p0sBx04kRwzCFfjJsL_g?authuser=0&hl=en&g_ep=EgoyMDI2MDkyMy4wIJJjKgBIAVAD&rclk=1","LOW PRIORITY","New Lead"
"149","Greg's Tree Services","Tree service","Buffalo, NY 14211, United States","+1 (716) 892-0885","tel:+17168920885","4.4","0","HAS OFFICIAL WEBSITE","http://www.gregstreeservices.com/","https://www.google.com/maps/place/Greg%27s+Tree+Services/data=!4m7!3m6!1s0x89d30d1400000001:0x85b226f036c87b7e!8m2!3d42.9109046!4d-78.8099539!16s%2Fg%2F1262w43vd!19sChIJAQAAABQN04kRfnvINvAmsoU?authuser=0&hl=en&g_ep=EgoyMDI2MDkyMy4wIJJjKgBIAVAD&rclk=1","LOW PRIORITY","New Lead"
"150","Tree Removal Buffalo NY","Tree service","-","+1 (716) 241-0035","tel:+17162410035","5.0","0","HAS OFFICIAL WEBSITE","http://www.olivebranchtree.com/","https://www.google.com/maps/place/Tree+Removal+Buffalo+NY/data=!4m7!3m6!1s0x89d313217c93ab45:0x2429778439580871!8m2!3d42.8962391!4d-78.864442!16s%2Fg%2F11c6lxn048!19sChIJRauTfCET04kRcQhYOYR3KSQ?authuser=0&hl=en&g_ep=EgoyMDI2MDkyMy4wIJJjKgBIAVAD&rclk=1","LOW PRIORITY","New Lead"
"151","TreeShield Buffalo","Tree service","32 French St, Buffalo, NY 14211, United States","+1 (716) 442-8792","tel:+17164428792","5.0","0","NO WEBSITE (GOLDEN LEAD 🔥)","-","https://www.google.com/maps/place/TreeShield+Buffalo/data=!4m7!3m6!1s0x89d30d27f6b8596d:0x2d629ebcb7196686!8m2!3d42.9106697!4d-78.8377579!16s%2Fg%2F11zkwdcds4!19sChIJbVm49icN04kRhmYZt7yeYi0?authuser=0&hl=en&g_ep=EgoyMDI2MDkyMy4wIJJjKgBIAVAD&rclk=1","HIGH PRIORITY 🎯","New Lead"
"152","King Canopy Tree Care","Tree service","14 Orman Pl, Buffalo, NY 14210, United States","+1 (716) 671-7373","tel:+17166717373","5.0","0","NO WEBSITE (GOLDEN LEAD 🔥)","-","https://www.google.com/maps/place/King+Canopy+Tree+Care/data=!4m7!3m6!1s0x89d3136239b1ccd3:0x652f7e912ab0a6ff!8m2!3d42.8725729!4d-78.8431231!16s%2Fg%2F11z3ddmpt8!19sChIJ08yxOWIT04kR_6awKpF-L2U?authuser=0&hl=en&g_ep=EgoyMDI2MDkyMy4wIJJjKgBIAVAD&rclk=1","HIGH PRIORITY 🎯","New Lead"
"153","Buffalo Arbor Pros","Tree service","130 South Park Ave, Buffalo, NY 14203, United States","+1 (716) 451-8733","tel:+17164518733","5.0","0","NO WEBSITE (GOLDEN LEAD 🔥)","-","https://www.google.com/maps/place/Buffalo+Arbor+Pros/data=!4m7!3m6!1s0x89d31379629c2707:0xeca3bbe902346c46!8m2!3d42.873709!4d-78.8744397!16s%2Fg%2F11z4qvqv57!19sChIJByecYnkT04kRRmw0Aum7o-w?authuser=0&hl=en&g_ep=EgoyMDI2MDkyMy4wIJJjKgBIAVAD&rclk=1","HIGH PRIORITY 🎯","New Lead"
"154","Evergreen Tree Service Masters","Tree service","181 Elm St, Buffalo, NY 14203, United States","+1 (716) 442-8792","tel:+17164428792","5.0","0","NO WEBSITE (GOLDEN LEAD 🔥)","-","https://www.google.com/maps/place/Evergreen+Tree+Service+Masters/data=!4m7!3m6!1s0x89d31316f9342351:0x92678109762917b4!8m2!3d42.8860747!4d-78.8688582!16s%2Fg%2F11zkvtk_bk!19sChIJUSM0-RYT04kRtBcpdgmBZ5I?authuser=0&hl=en&g_ep=EgoyMDI2MDkyMy4wIJJjKgBIAVAD&rclk=1","HIGH PRIORITY 🎯","New Lead"
"155","Pacific Tree Solutions","Tree service","128 Hubbell Ave, Buffalo, NY 14220, United States","+1 (321) 469-3281","tel:+13214693281","5.0","0","NO WEBSITE (GOLDEN LEAD 🔥)","-","https://www.google.com/maps/place/Pacific+Tree+Solutions/data=!4m7!3m6!1s0x89d30f1e29e46573:0xfb005761881b0b2f!8m2!3d42.8523053!4d-78.8194758!16s%2Fg%2F11nbqvrd5l!19sChIJc2XkKR4P04kRLwsbiGFXAPs?authuser=0&hl=en&g_ep=EgoyMDI2MDkyMy4wIJJjKgBIAVAD&rclk=1","HIGH PRIORITY 🎯","New Lead"
"156","Partners Auto Repair","Auto repair shop","1402 South Park Ave, Buffalo, NY 14220, United States","-","-","4.3","0","NO WEBSITE (GOLDEN LEAD 🔥)","-","https://www.google.com/maps/place/Partners+Auto+Repair/data=!4m7!3m6!1s0x89d30e0732b5bb17:0x1c30e97321ada8fd!8m2!3d42.8584599!4d-78.8325874!16s%2Fg%2F11gfgp7g42!19sChIJF7u1MgcO04kR_aitIXPpMBw?authuser=0&hl=en&g_ep=EgoyMDI2MDkyMy4wIJJjKgBIAVAD&rclk=1","HIGH PRIORITY 🎯","New Lead"
"157","K & M Auto Services","Auto repair shop","2081 William St, Buffalo, NY 14206, United States","+1 (716) 893-7033","tel:+17168937033","4.8","0","NO WEBSITE (GOLDEN LEAD 🔥)","-","https://www.google.com/maps/place/K+%26+M+Auto+Services/data=!4m7!3m6!1s0x89d30db2ba54e889:0xf17aded78195c553!8m2!3d42.8842767!4d-78.7938043!16s%2Fg%2F1tdyrs5t!19sChIJiehUurIN04kRU8WVgdfeevE?authuser=0&hl=en&g_ep=EgoyMDI2MDkyMy4wIJJjKgBIAVAD&rclk=1","HIGH PRIORITY 🎯","New Lead"
"158","RAZZAQ AUTO REPAIR INC","Auto repair shop","261 Keystone St, Buffalo, NY 14211, United States","+1 (716) 322-0464","tel:+17163220464","4.4","0","NO WEBSITE (GOLDEN LEAD 🔥)","-","https://www.google.com/maps/place/RAZZAQ+AUTO+REPAIR+INC/data=!4m7!3m6!1s0x89d30d380e8bd5cf:0xfcf2e223ade79fe0!8m2!3d42.9089364!4d-78.8102198!16s%2Fg%2F11nywlxzgy!19sChIJz9WLDjgN04kR4J_nrSPi8vw?authuser=0&hl=en&g_ep=EgoyMDI2MDkyMy4wIJJjKgBIAVAD&rclk=1","HIGH PRIORITY 🎯","New Lead"
"159","Iron Island Motors","Auto repair shop","1350 Bailey Ave, Buffalo, NY 14206, United States","+1 (716) 894-6450","tel:+17168946450","4.8","0","NO WEBSITE (GOLDEN LEAD 🔥)","-","https://www.google.com/maps/place/Iron+Island+Motors/data=!4m7!3m6!1s0x89d30da21488f793:0x148e736965179387!8m2!3d42.8910639!4d-78.8146453!16s%2Fg%2F1wyc59nm!19sChIJk_eIFKIN04kRh5MXZWlzjhQ?authuser=0&hl=en&g_ep=EgoyMDI2MDkyMy4wIJJjKgBIAVAD&rclk=1","HIGH PRIORITY 🎯","New Lead"
"160","Professional Automotive Services","Auto repair shop","2550 Seneca St, Buffalo, NY 14224, United States","+1 (716) 825-7700","tel:+17168257700","4.8","0","NO WEBSITE (GOLDEN LEAD 🔥)","-","https://www.google.com/maps/place/Professional+Automotive+Services/data=!4m7!3m6!1s0x89d30e636aff6d15:0xca481245de536883!8m2!3d42.846116!4d-78.7977382!16s%2Fg%2F1td61q7r!19sChIJFW3_amMO04kRg2hT3kUSSMo?authuser=0&hl=en&g_ep=EgoyMDI2MDkyMy4wIJJjKgBIAVAD&rclk=1","HIGH PRIORITY 🎯","New Lead"
"161","Jays Service Center","Auto repair shop","559 Potters Rd, Buffalo, NY 14220, United States","+1 (716) 824-4264","tel:+17168244264","4.9","0","NO WEBSITE (GOLDEN LEAD 🔥)","-","https://www.google.com/maps/place/Jays+Service+Center/data=!4m7!3m6!1s0x89d30e600ba9a105:0x7c054d173653b9b9!8m2!3d42.8372637!4d-78.7940373!16s%2Fg%2F11clsp8gp3!19sChIJBaGpC2AO04kRublTNhdNBXw?authuser=0&hl=en&g_ep=EgoyMDI2MDkyMy4wIJJjKgBIAVAD&rclk=1","HIGH PRIORITY 🎯","New Lead"
"162","Albano Automotive Center","Auto repair shop","834 Niagara St, Buffalo, NY 14213, United States","+1 (716) 886-1172","tel:+17168861172","4.6","0","NO WEBSITE (GOLDEN LEAD 🔥)","-","https://www.google.com/maps/place/Albano+Automotive+Center/data=!4m7!3m6!1s0x89d313083e99699d:0xe9f2cff86875384c!8m2!3d42.905562!4d-78.896632!16s%2Fg%2F1td0bxvl!19sChIJnWmZPggT04kRTDh1aPjP8uk?authuser=0&hl=en&g_ep=EgoyMDI2MDkyMy4wIJJjKgBIAVAD&rclk=1","HIGH PRIORITY 🎯","New Lead"
"163","West End Auto Repair Services","Auto repair shop","2050-A Niagara St, Buffalo, NY 14207, United States","+1 (716) 563-2977","tel:+17165632977","4.5","0","NO WEBSITE (GOLDEN LEAD 🔥)","-","https://www.google.com/maps/place/West+End+Auto+Repair+Services/data=!4m7!3m6!1s0x89d31335e354f47b:0x506d5000a2e71293!8m2!3d42.9398444!4d-78.905427!16s%2Fg%2F1tf6n5jp!19sChIJe_RU4zUT04kRkxLnogBQbVA?authuser=0&hl=en&g_ep=EgoyMDI2MDkyMy4wIJJjKgBIAVAD&rclk=1","HIGH PRIORITY 🎯","New Lead"
"164","B Lo Auto Repair","Auto repair shop","227 Paderewski Dr, Buffalo, NY 14212, United States","+1 (716) 849-4990","tel:+17168494990","4.4","0","NO WEBSITE (GOLDEN LEAD 🔥)","-","https://www.google.com/maps/place/B+Lo+Auto+Repair/data=!4m7!3m6!1s0x89d312778faf3f2d:0xce1e9ca884ccfd33!8m2!3d42.8893532!4d-78.8402417!16s%2Fg%2F11h3vbvvsy!19sChIJLT-vj3cS04kRM_3MhKicHs4?authuser=0&hl=en&g_ep=EgoyMDI2MDkyMy4wIJJjKgBIAVAD&rclk=1","HIGH PRIORITY 🎯","New Lead"
"165","O'Neills Auto Services","Auto repair shop","1951 South Park Ave, Buffalo, NY 14220, United States","+1 (716) 825-9234","tel:+17168259234","4.9","0","NO WEBSITE (GOLDEN LEAD 🔥)","-","https://www.google.com/maps/place/O%27Neills+Auto+Services/data=!4m7!3m6!1s0x89d30e10d818da49:0x5368d2da2fa82c34!8m2!3d42.8455976!4d-78.824073!16s%2Fg%2F1tkf1z7t!19sChIJSdoY2BAO04kRNCyoL9rSaFM?authuser=0&hl=en&g_ep=EgoyMDI2MDkyMy4wIJJjKgBIAVAD&rclk=1","HIGH PRIORITY 🎯","New Lead"
"166","Barakah Auto Repair & Sales LLC.","Auto repair shop","1367 Bailey Ave, Buffalo, NY 14206, United States","+1 (347) 257-9492","tel:+13472579492","3.9","0","HAS OFFICIAL WEBSITE","http://barakahautorepair.com/","https://www.google.com/maps/place/Barakah+Auto+Repair+%26+Sales+LLC./data=!4m7!3m6!1s0x89d30d43eaa71fbb:0xed8634227c8adb82!8m2!3d42.8916203!4d-78.8137855!16s%2Fg%2F11gkxbqxm3!19sChIJux-n6kMN04kRgtuKfCI0hu0?authuser=0&hl=en&g_ep=EgoyMDI2MDkyMy4wIJJjKgBIAVAD&rclk=1","LOW PRIORITY","New Lead"
"167","Complete Auto Glass Solutions","Auto glass shop","4400 Montrose Rd Unit 11, Niagara Falls, ON L2H 1K2, Canada","+1 (905) 356-3757","tel:+19053563757","5.0","0","HAS OFFICIAL WEBSITE","https://www.completeautoglasssolutions.com/","https://www.google.com/maps/place/Complete+Auto+Glass+Solutions/data=!4m7!3m6!1s0x89d345df2545800d:0x2b0f7788f27d85cb!8m2!3d43.108973!4d-79.122659!16s%2Fg%2F11vt7t_qbt!19sChIJDYBFJd9F04kRy4V98oh3Dys?authuser=0&hl=en&g_ep=EgoyMDI2MDkyMy4wIJJjKgBIAVAD&rclk=1","LOW PRIORITY","New Lead"
"168","Latour Auto","Auto repair shop","20 Latour St, Buffalo, NY 14211, United States","+1 (716) 895-0866","tel:+17168950866","4.4","0","HAS OFFICIAL WEBSITE","https://latourauto.com/","https://www.google.com/maps/place/Latour+Auto/data=!4m7!3m6!1s0x89d30d7c1c7fb32b:0xa81129e5da2e50c6!8m2!3d42.9038999!4d-78.8334998!16s%2Fg%2F1w0h8h7y!19sChIJK7N_HHwN04kRxlAu2uUpEag?authuser=0&hl=en&g_ep=EgoyMDI2MDkyMy4wIJJjKgBIAVAD&rclk=1","LOW PRIORITY","New Lead"
"169","South Buffalo Auto Parts","Auto parts store","654 Elk St, Buffalo, NY 14210, United States","+1 (716) 427-6510","tel:+17164276510","4.1","0","HAS OFFICIAL WEBSITE","http://www.sbuffaloautoparts.com/","https://www.google.com/maps/place/South+Buffalo+Auto+Parts/data=!4m7!3m6!1s0x89d30dfb093ffdcd:0x31a8d00f71569e14!8m2!3d42.8659381!4d-78.8297921!16s%2Fg%2F1tlmp9cy!19sChIJzf0_CfsN04kRFJ5WcQ_QqDE?authuser=0&hl=en&g_ep=EgoyMDI2MDkyMy4wIJJjKgBIAVAD&rclk=1","LOW PRIORITY","New Lead"
"170","R & J Service","Auto repair shop","1840 William St, Buffalo, NY 14206, United States","+1 (716) 896-8060","tel:+17168968060","4.6","0","HAS OFFICIAL WEBSITE","https://www.rjservicewny.com/","https://www.google.com/maps/place/R+%26+J+Service/data=!4m7!3m6!1s0x89d30db06a85a407:0xb43615d9d1f1c3ef!8m2!3d42.8848141!4d-78.8027966!16s%2Fg%2F1tcvq7k1!19sChIJB6SFarAN04kR78Px0dkVNrQ?authuser=0&hl=en&g_ep=EgoyMDI2MDkyMy4wIJJjKgBIAVAD&rclk=1","LOW PRIORITY","New Lead"
"171","Ultimate Auto Service","Auto repair shop","2151 Niagara St, Buffalo, NY 14207, United States","+1 (716) 875-3368","tel:+17168753368","4.9","0","HAS OFFICIAL WEBSITE","http://www.ultimateautoservice.net/","https://www.google.com/maps/place/Ultimate+Auto+Service/data=!4m7!3m6!1s0x89d3133561fb2aab:0xe866e7a0ad078e4e!8m2!3d42.942933!4d-78.906159!16s%2Fg%2F1tdvfk7m!19sChIJqyr7YTUT04kRTo4HraDnZug?authuser=0&hl=en&g_ep=EgoyMDI2MDkyMy4wIJJjKgBIAVAD&rclk=1","LOW PRIORITY","New Lead"
"172","Tomasello Automotive","Auto repair shop","10 Queen St, Buffalo, NY 14206, United States","+1 (716) 342-2008","tel:+17163422008","4.6","0","HAS OFFICIAL WEBSITE","http://tomaselloautomotive.com/","https://www.google.com/maps/place/Tomasello+Automotive/data=!4m7!3m6!1s0x89d30db037b16a17:0xf88deb3ebc3ec36f!8m2!3d42.884955!4d-78.8019004!16s%2Fg%2F11by_p3vjy!19sChIJF2qxN7AN04kRb8M-vD7rjfg?authuser=0&hl=en&g_ep=EgoyMDI2MDkyMy4wIJJjKgBIAVAD&rclk=1","LOW PRIORITY","New Lead"
"173","Sully’s Auto Service","Auto repair shop","466 Southside Pkwy, Buffalo, NY 14210, United States","+1 (716) 380-4957","tel:+17163804957","4.2","0","NO WEBSITE (GOLDEN LEAD 🔥)","-","https://www.google.com/maps/place/Sully%E2%80%99s+Auto+Service/data=!4m7!3m6!1s0x89d30d0ccd5b0f1f:0x5ba25d3ca779351e!8m2!3d42.8614651!4d-78.8212728!16s%2Fg%2F11h2n6dxy6!19sChIJHw9bzQwN04kRHjV5pzxdols?authuser=0&hl=en&g_ep=EgoyMDI2MDkyMy4wIJJjKgBIAVAD&rclk=1","HIGH PRIORITY 🎯","New Lead"
"174","Granata & Sons Auto & Truck","Auto repair shop","1766 Clinton St, Buffalo, NY 14206, United States","+1 (716) 822-6630","tel:+17168226630","4.5","0","NO WEBSITE (GOLDEN LEAD 🔥)","-","https://www.google.com/maps/place/Granata+%26+Sons+Auto+%26+Truck/data=!4m7!3m6!1s0x89d30dc3e7239549:0x6fe33a14cedb5ba9!8m2!3d42.8721685!4d-78.8112168!16s%2Fg%2F1thpxtjc!19sChIJSZUj58MN04kRqVvbzhQ6428?authuser=0&hl=en&g_ep=EgoyMDI2MDkyMy4wIJJjKgBIAVAD&rclk=1","HIGH PRIORITY 🎯","New Lead"
"175","Buff City Auto Repair","Auto repair shop","2312 Bailey Ave, Buffalo, NY 14211, United States","+1 (716) 844-8244","tel:+17168448244","4.3","0","NO WEBSITE (GOLDEN LEAD 🔥)","-","https://www.google.com/maps/place/Buff+City+Auto+Repair/data=!4m7!3m6!1s0x89d30d3fbdb61351:0x358fa31a0e912a2e!8m2!3d42.917724!4d-78.8140588!16s%2Fg%2F11ghs7zlxb!19sChIJURO2vT8N04kRLiqRDhqjjzU?authuser=0&hl=en&g_ep=EgoyMDI2MDkyMy4wIJJjKgBIAVAD&rclk=1","HIGH PRIORITY 🎯","New Lead"
"176","Exclusive Auto Repair","Auto repair shop","1220 E Delavan Ave, Buffalo, NY 14215, United States","+1 (716) 818-5936","tel:+17168185936","4.0","0","NO WEBSITE (GOLDEN LEAD 🔥)","-","https://www.google.com/maps/place/Exclusive+Auto+Repair/data=!4m7!3m6!1s0x89d30d390bfd69e7:0x4f4a9c316331a04f!8m2!3d42.9228417!4d-78.811717!16s%2Fg%2F11q_4bnzzw!19sChIJ52n9CzkN04kRT6AxYzGcSk8?authuser=0&hl=en&g_ep=EgoyMDI2MDkyMy4wIJJjKgBIAVAD&rclk=1","HIGH PRIORITY 🎯","New Lead"
"177","M N Auto Plus","Auto repair shop","669 Bailey Ave, Buffalo, NY 14206, United States","+1 (716) 828-4200","tel:+17168284200","4.1","0","NO WEBSITE (GOLDEN LEAD 🔥)","-","https://www.google.com/maps/place/M+N+Auto+Plus/data=!4m7!3m6!1s0x89d30d013b64c907:0xf474b777a93b6f31!8m2!3d42.8730363!4d-78.8189873!16s%2Fg%2F1tlwb1l2!19sChIJB8lkOwEN04kRMW87qXe3dPQ?authuser=0&hl=en&g_ep=EgoyMDI2MDkyMy4wIJJjKgBIAVAD&rclk=1","HIGH PRIORITY 🎯","New Lead"
"178","KF 90 AUTO","Auto repair shop","2036 South Park Ave Ste 2, Buffalo, NY 14220, United States","-","-","5.0","0","NO WEBSITE (GOLDEN LEAD 🔥)","-","https://www.google.com/maps/place/KF+90+AUTO/data=!4m7!3m6!1s0x89d30e16e69c1ec1:0x3b137f0aa700b4e6!8m2!3d42.8433664!4d-78.8235884!16s%2Fg%2F11t9p88lbl!19sChIJwR6c5hYO04kR5rQApwp_Ezs?authuser=0&hl=en&g_ep=EgoyMDI2MDkyMy4wIJJjKgBIAVAD&rclk=1","HIGH PRIORITY 🎯","New Lead"
"171","Granata & Sons Auto & Truck","Auto repair shop","1766 Clinton St, Buffalo, NY 14206, United States","+1 (716) 822-6630","tel:+17168226630","4.5","0","NO WEBSITE (GOLDEN LEAD 🔥)","-","https://www.google.com/maps/place/Granata+%26+Sons+Auto+%26+Truck/data=!4m7!3m6!1s0x89d30dc3e7239549:0x6fe33a14cedb5ba9!8m2!3d42.8721685!4d-78.8112168!16s%2Fg%2F1thpxtjc!19sChIJSZUj58MN04kRqVvbzhQ6428?authuser=0&hl=en&g_ep=EgoyMDI2MDkyMy4wIJJjKgBIAVAD&rclk=1","HIGH PRIORITY 🎯","New Lead"
"172","Ultimate Auto Service","Auto repair shop","2151 Niagara St, Buffalo, NY 14207, United States","+1 (716) 875-3368","tel:+17168753368","4.9","0","HAS OFFICIAL WEBSITE","http://www.ultimateautoservice.net/","https://www.google.com/maps/place/Ultimate+Auto+Service/data=!4m7!3m6!1s0x89d3133561fb2aab:0xe866e7a0ad078e4e!8m2!3d42.942933!4d-78.906159!16s%2Fg%2F1tdvfk7m!19sChIJqyr7YTUT04kRTo4HraDnZug?authuser=0&hl=en&g_ep=EgoyMDI2MDkyMy4wIJJjKgBIAVAD&rclk=1","LOW PRIORITY","New Lead"
"173","Buffalo Mobile Mechanic","Auto repair shop","52 Andover Ave, Buffalo, NY 14215, United States","+1 (716) 219-2212","tel:+17162192212","3.8","0","HAS OFFICIAL WEBSITE","https://buffalomobilemechanic.com/","https://www.google.com/maps/place/Buffalo+Mobile+Mechanic/data=!4m7!3m6!1s0x89d30d0f3b5a5757:0x3b4263ef4b518d57!8m2!3d42.9342161!4d-78.8164299!16s%2Fg%2F11k3qgxpvq!19sChIJV1daOw8N04kRV41RS-9jQjs?authuser=0&hl=en&g_ep=EgoyMDI2MDkyMy4wIJJjKgBIAVAD&rclk=1","LOW PRIORITY","New Lead"
"174","Colston Enterprise","Auto repair shop","720 E Ferry St, Buffalo, NY 14211, United States","+1 (716) 896-3910","tel:+17168963910","4.6","0","NO WEBSITE (GOLDEN LEAD 🔥)","-","https://www.google.com/maps/place/Colston+Enterprise/data=!4m7!3m6!1s0x89d30d61dd450949:0xbe980405a6348d18!8m2!3d42.9148765!4d-78.8375945!16s%2Fg%2F1tfmjt8d!19sChIJSQlF3WEN04kRGI00pgUEmL4?authuser=0&hl=en&g_ep=EgoyMDI2MDkyMy4wIJJjKgBIAVAD&rclk=1","HIGH PRIORITY 🎯","New Lead"
"175","Carm Sals Automobile Services","Auto repair shop","1460 Niagara St, Buffalo, NY 14213, United States","+1 (716) 884-2399","tel:+17168842399","4.3","0","NO WEBSITE (GOLDEN LEAD 🔥)","-","https://www.google.com/maps/place/Carm+Sals+Automobile+Services/data=!4m7!3m6!1s0x89d313162564fc9b:0x3a0f0888ec7ecae3!8m2!3d42.9236526!4d-78.8984375!16s%2Fg%2F1tjs5y2n!19sChIJm_xkJRYT04kR48p-7IgIDzo?authuser=0&hl=en&g_ep=EgoyMDI2MDkyMy4wIJJjKgBIAVAD&rclk=1","HIGH PRIORITY 🎯","New Lead"
"176","Geneva's Automotive","Auto repair shop","1985 Genesee St, Buffalo, NY 14211, United States","+1 (716) 895-3739","tel:+17168953739","4.0","0","HAS OFFICIAL WEBSITE","https://genevas-automotive.edan.io/","https://www.google.com/maps/place/Geneva%27s+Automotive/data=!4m7!3m6!1s0x89d30d166b820529:0xd77369dd83678ba2!8m2!3d42.914361!4d-78.8087039!16s%2Fg%2F1vpfkj0x!19sChIJKQWCaxYN04kRootng91pc9c?authuser=0&hl=en&g_ep=EgoyMDI2MDkyMy4wIJJjKgBIAVAD&rclk=1","LOW PRIORITY","New Lead"
"177","Tomasello Automotive","Auto repair shop","10 Queen St, Buffalo, NY 14206, United States","+1 (716) 342-2008","tel:+17163422008","4.6","0","HAS OFFICIAL WEBSITE","http://tomaselloautomotive.com/","https://www.google.com/maps/place/Tomasello+Automotive/data=!4m7!3m6!1s0x89d30db037b16a17:0xf88deb3ebc3ec36f!8m2!3d42.884955!4d-78.8019004!16s%2Fg%2F11by_p3vjy!19sChIJF2qxN7AN04kRb8M-vD7rjfg?authuser=0&hl=en&g_ep=EgoyMDI2MDkyMy4wIJJjKgBIAVAD&rclk=1","LOW PRIORITY","New Lead"
"178","Calvin's Car Clinic","Auto repair shop","1266 Seneca St, Buffalo, NY 14210, United States","+1 (716) 768-2550","tel:+17167682550","4.3","0","NO WEBSITE (GOLDEN LEAD 🔥)","-","https://www.google.com/maps/place/Calvin%27s+Car+Clinic/data=!4m7!3m6!1s0x89d30df0a6303d83:0xfc749bd6c46d12e7!8m2!3d42.8698693!4d-78.8320024!16s%2Fg%2F1261kn9qk!19sChIJgz0wpvAN04kR5xJtxNabdPw?authuser=0&hl=en&g_ep=EgoyMDI2MDkyMy4wIJJjKgBIAVAD&rclk=1","HIGH PRIORITY 🎯","New Lead"
"179","Sully’s Auto Service","Auto repair shop","466 Southside Pkwy, Buffalo, NY 14210, United States","+1 (716) 380-4957","tel:+17163804957","4.2","0","NO WEBSITE (GOLDEN LEAD 🔥)","-","https://www.google.com/maps/place/Sully%E2%80%99s+Auto+Service/data=!4m7!3m6!1s0x89d30d0ccd5b0f1f:0x5ba25d3ca779351e!8m2!3d42.8614651!4d-78.8212728!16s%2Fg%2F11h2n6dxy6!19sChIJHw9bzQwN04kRHjV5pzxdols?authuser=0&hl=en&g_ep=EgoyMDI2MDkyMy4wIJJjKgBIAVAD&rclk=1","HIGH PRIORITY 🎯","New Lead"
"180","Walden Express Auto Tech","Auto repair shop","170 Walden Ave, Buffalo, NY 14211, United States","+1 (716) 957-6376","tel:+17169576376","4.3","0","NO WEBSITE (GOLDEN LEAD 🔥)","-","https://www.google.com/maps/place/Walden+Express+Auto+Tech/data=!4m7!3m6!1s0x89d30d7bd28f76c5:0x350469779fef2993!8m2!3d42.9038992!4d-78.8298714!16s%2Fg%2F11cssjt76h!19sChIJxXaP0nsN04kRkynvn3dpBDU?authuser=0&hl=en&g_ep=EgoyMDI2MDkyMy4wIJJjKgBIAVAD&rclk=1","HIGH PRIORITY 🎯","New Lead"
"181","Eisa Auto Repair and Car Sales","Auto repair shop","2140 Genesee St, Buffalo, NY 14211, United States","+1 (716) 436-0168","tel:+17164360168","4.5","0","NO WEBSITE (GOLDEN LEAD 🔥)","-","https://www.google.com/maps/place/Eisa+Auto+Repair+and+Car+Sales/data=!4m7!3m6!1s0x89d30d8ca6f947fb:0x788b02cb30b79c39!8m2!3d42.9167245!4d-78.8042638!16s%2Fg%2F11rc1p35yx!19sChIJ-0f5powN04kROZy3MMsCi3g?authuser=0&hl=en&g_ep=EgoyMDI2MDkyMy4wIJJjKgBIAVAD&rclk=1","HIGH PRIORITY 🎯","New Lead"
"182","RDA Buffalo","Auto repair shop","301 Bailey Ave, Buffalo, NY 14210, United States","+1 (716) 822-2886","tel:+17168222886","4.7","0","HAS OFFICIAL WEBSITE","http://www.rdabuffalo.com/","https://www.google.com/maps/place/RDA+Buffalo/data=!4m7!3m6!1s0x89d30dfb4ba786b1:0xce2a16171356d22c!8m2!3d42.8642354!4d-78.8252793!16s%2Fg%2F11g0hd2wvj!19sChIJsYanS_sN04kRLNJWExcWKs4?authuser=0&hl=en&g_ep=EgoyMDI2MDkyMy4wIJJjKgBIAVAD&rclk=1","LOW PRIORITY","New Lead"
"183","Mr. Fixit Auto AA Inc.","Auto repair shop","1531 Niagara St, Buffalo, NY 14213, United States","+1 (716) 931-5168","tel:+17169315168","3.7","0","HAS OFFICIAL WEBSITE","https://www.mrfixitautos.com/","https://www.google.com/maps/place/Mr.+Fixit+Auto+AA+Inc./data=!4m7!3m6!1s0x89d3133d02e1fbbd:0xf61f689fcf0e502!8m2!3d42.9266221!4d-78.8973009!16s%2Fg%2F1v6l8grd!19sChIJvfvhAj0T04kRAuXw_In2YQ8?authuser=0&hl=en&g_ep=EgoyMDI2MDkyMy4wIJJjKgBIAVAD&rclk=1","LOW PRIORITY","New Lead"
"184","Buffalo Bay Rental","Auto repair shop","1400 Bailey Ave Suite 3, Buffalo, NY 14206, United States","+1 (716) 464-3016","tel:+17164643016","4.8","0","HAS OFFICIAL WEBSITE","https://www.buffalobayrental.com/","https://www.google.com/maps/place/Buffalo+Bay+Rental/data=!4m7!3m6!1s0x89d30ddb86519d51:0xd3222fabc65687a6!8m2!3d42.892656!4d-78.8143337!16s%2Fg%2F11vm9jlp3h!19sChIJUZ1RhtsN04kRpodWxqsvItM?authuser=0&hl=en&g_ep=EgoyMDI2MDkyMy4wIJJjKgBIAVAD&rclk=1","LOW PRIORITY","New Lead"
"185","Buffalo RPM Mobile Mechanic","Auto repair shop","1462 Main St, Buffalo, NY 14209, United States","+1 (716) 209-3985","tel:+17162093985","3.0","0","HAS OFFICIAL WEBSITE","https://rpmmobilemechanic.com/ny/buffalo/","https://www.google.com/maps/place/Buffalo+RPM+Mobile+Mechanic/data=!4m7!3m6!1s0x89d313005d091d65:0x989e5ccf8d8ef744!8m2!3d42.9135258!4d-78.8658332!16s%2Fg%2F11vm7hj1t7!19sChIJZR0JXQAT04kRRPeOjc9cnpg?authuser=0&hl=en&g_ep=EgoyMDI2MDkyMy4wIJJjKgBIAVAD&rclk=1","LOW PRIORITY","New Lead"
"186","Don & Jim's Auto Service Center","Auto repair shop","2570 Seneca St, West Seneca, NY 14224, United States","+1 (716) 823-3004","tel:+17168233004","4.7","0","HAS OFFICIAL WEBSITE","https://donandjims.com/","https://www.google.com/maps/place/Don+%26+Jim%27s+Auto+Service+Center/data=!4m7!3m6!1s0x89d30e6317b2143d:0x229933fd24d071a1!8m2!3d42.8457299!4d-78.7966409!16s%2Fg%2F1tc_g74_!19sChIJPRSyF2MO04kRoXHQJP0zmSI?authuser=0&hl=en&g_ep=EgoyMDI2MDkyMy4wIJJjKgBIAVAD&rclk=1","LOW PRIORITY","New Lead"
"187","Shamim Auto Repair INC","Auto repair shop","2025 Broadway, Buffalo, NY 14212, United States","+1 (347) 944-4064","tel:+13479444064","4.2","0","NO WEBSITE (GOLDEN LEAD 🔥)","-","https://www.google.com/maps/place/Shamim+Auto+Repair+INC/data=!4m7!3m6!1s0x89d30dfcbbefcedd:0xec3e7f959fd03a6a!8m2!3d42.8984413!4d-78.8000121!16s%2Fg%2F11vs9t9t83!19sChIJ3c7vu_wN04kRajrQn5V_Puw?authuser=0&hl=en&g_ep=EgoyMDI2MDkyMy4wIJJjKgBIAVAD&rclk=1","HIGH PRIORITY 🎯","New Lead"
"188","Smith st auto","Auto repair shop","1099 Smith St, Buffalo, NY 14212, United States","+1 (716) 248-1515","tel:+17162481515","4.5","0","NO WEBSITE (GOLDEN LEAD 🔥)","-","https://www.google.com/maps/place/Smith+st+auto/data=!4m7!3m6!1s0x89d312798ca038c5:0x25433dd661be1d4f!8m2!3d42.8915858!4d-78.8436116!16s%2Fg%2F11dxhbzps5!19sChIJxTigjHkS04kRTx2-YdY9QyU?authuser=0&hl=en&g_ep=EgoyMDI2MDkyMy4wIJJjKgBIAVAD&rclk=1","HIGH PRIORITY 🎯","New Lead"
"189","M&W auto repair & detailing","Auto repair shop","913 Fillmore Ave, Buffalo, NY 14212, United States","+1 (814) 790-0954","tel:+18147900954","4.7","0","NO WEBSITE (GOLDEN LEAD 🔥)","-","https://www.google.com/maps/place/M%26W+auto+repair+%26+detailing/data=!4m7!3m6!1s0x89d30d5a2307e5bb:0xdb4a9ba859d53c34!8m2!3d42.8981009!4d-78.8388845!16s%2Fg%2F11pb2dbm2k!19sChIJu-UHI1oN04kRNDzVWaibSts?authuser=0&hl=en&g_ep=EgoyMDI2MDkyMy4wIJJjKgBIAVAD&rclk=1","HIGH PRIORITY 🎯","New Lead"
"190","Talib Auto dealership","Auto repair shop","771 Broadway, Buffalo, NY 14212, United States","+1 (716) 330-0813","tel:+17163300813","-","0","NO WEBSITE (GOLDEN LEAD 🔥)","-","https://www.google.com/maps/place/Talib+Auto+dealership/data=!4m7!3m6!1s0x89d31300600d5e5d:0x93b88452f76a7965!8m2!3d42.8912959!4d-78.8455511!16s%2Fg%2F11m77640v5!19sChIJXV4NYAAT04kRZXlq91KEuJM?authuser=0&hl=en&g_ep=EgoyMDI2MDkyMy4wIJJjKgBIAVAD&rclk=1","HIGH PRIORITY 🎯","New Lead"
"191","Caliber Collision","Auto body shop","290 South Park Ave, Buffalo, NY 14204, United States","+1 (716) 848-4800","tel:+17168484800","4.8","0","HAS OFFICIAL WEBSITE","https://www.caliber.com/find-a-location/buffalo-downtown?utm_source=google&utm_medium=gbp-profile&utm_campaign=webform-GBPwebsite&utm_content=&utm_term=&utm_id=0966","https://www.google.com/maps/place/Caliber+Collision/data=!4m7!3m6!1s0x89d313589a05e851:0x97201c93f525dfd4!8m2!3d42.8727078!4d-78.8688031!16s%2Fg%2F11lp7_l0jr!19sChIJUegFmlgT04kR1N8l9ZMcIJc?authuser=0&hl=en&g_ep=EgoyMDI2MDkyMy4wIJJjKgBIAVAD&rclk=1","LOW PRIORITY","New Lead"
"192","Hauck's Collision Services","Auto body shop","207 Cherry St, Buffalo, NY 14204, United States","+1 (716) 842-1040","tel:+17168421040","4.5","0","NO WEBSITE (GOLDEN LEAD 🔥)","-","https://www.google.com/maps/place/Hauck%27s+Collision+Services/data=!4m7!3m6!1s0x89d312671983f513:0xf720d4eb3ef47cd7!8m2!3d42.8949655!4d-78.858681!16s%2Fg%2F1tdx5341!19sChIJE_WDGWcS04kR13z0PuvUIPc?authuser=0&hl=en&g_ep=EgoyMDI2MDkyMy4wIJJjKgBIAVAD&rclk=1","HIGH PRIORITY 🎯","New Lead"
"193","Ace Collision Services","Auto body shop","509 E Delavan Ave, Buffalo, NY 14211, United States","+1 (716) 894-6132","tel:+17168946132","4.0","0","NO WEBSITE (GOLDEN LEAD 🔥)","-","https://www.google.com/maps/place/Ace+Collision+Services/data=!4m7!3m6!1s0x89d312a09dc9bdf3:0xca3d17c24b2ba9bb!8m2!3d42.9216508!4d-78.8384319!16s%2Fg%2F1thw7q9y!19sChIJ873JnaAS04kRu6krS8IXPco?authuser=0&hl=en&g_ep=EgoyMDI2MDkyMy4wIJJjKgBIAVAD&rclk=1","HIGH PRIORITY 🎯","New Lead"
"194","Best Motors and Repair Inc","Auto repair shop","999 Sycamore St, Buffalo, NY 14212, United States","+1 (716) 398-9040","tel:+17163989040","4.9","0","NO WEBSITE (GOLDEN LEAD 🔥)","-","https://www.google.com/maps/place/Best+Motors+and+Repair+Inc/data=!4m7!3m6!1s0x89d30d44fd98a91f:0xdc59f4817777aeee!8m2!3d42.8987517!4d-78.8347154!16s%2Fg%2F11y580z8zq!19sChIJH6mY_UQN04kR7q53d4H0Wdw?authuser=0&hl=en&g_ep=EgoyMDI2MDkyMy4wIJJjKgBIAVAD&rclk=1","HIGH PRIORITY 🎯","New Lead"
"195","A & J Auto Sales & Services","Auto body shop","1523 Bailey Ave, Buffalo, NY 14212, United States","+1 (716) 893-2416","tel:+17168932416","4.7","0","NO WEBSITE (GOLDEN LEAD 🔥)","-","https://www.google.com/maps/place/A+%26+J+Auto+Sales+%26+Services/data=!4m7!3m6!1s0x89d30da068ff61f7:0xc15b97bf42a6e6c0!8m2!3d42.8957831!4d-78.8136588!16s%2Fg%2F1tlnff78!19sChIJ92H_aKAN04kRwOamQr-XW8E?authuser=0&hl=en&g_ep=EgoyMDI2MDkyMy4wIJJjKgBIAVAD&rclk=1","HIGH PRIORITY 🎯","New Lead"
"196","A street collision","Auto body shop","45 A St, Buffalo, NY 14211, United States","+1 (716) 416-1149","tel:+17164161149","3.7","0","NO WEBSITE (GOLDEN LEAD 🔥)","-","https://www.google.com/maps/place/A+street+collision/data=!4m7!3m6!1s0x89d30d1082fee839:0x16260acd22435122!8m2!3d42.9007272!4d-78.8374218!16s%2Fg%2F11qnkh9pgv!19sChIJOej-ghAN04kRIlFDIs0KJhY?authuser=0&hl=en&g_ep=EgoyMDI2MDkyMy4wIJJjKgBIAVAD&rclk=1","HIGH PRIORITY 🎯","New Lead"
"197","Strictly Business Auto Body","Auto body shop","506 Walden Ave, Buffalo, NY 14211, United States","+1 (716) 892-3830","tel:+17168923830","3.9","0","NO WEBSITE (GOLDEN LEAD 🔥)","-","https://www.google.com/maps/place/Strictly+Business+Auto+Body/data=!4m7!3m6!1s0x89d30d72e24a1751:0x3b93b5529c2fa7e6!8m2!3d42.9046168!4d-78.8174858!16s%2Fg%2F1tv253k3!19sChIJURdK4nIN04kR5qcvnFK1kzs?authuser=0&hl=en&g_ep=EgoyMDI2MDkyMy4wIJJjKgBIAVAD&rclk=1","HIGH PRIORITY 🎯","New Lead"
"198","Lanza Auto Works","Auto body shop","135 Tonawanda St, Buffalo, NY 14207, United States","+1 (716) 875-7890","tel:+17168757890","5.0","0","NO WEBSITE (GOLDEN LEAD 🔥)","-","https://www.google.com/maps/place/Lanza+Auto+Works/data=!4m7!3m6!1s0x89d3133aac8d1969:0xb0787f0639b5adf5!8m2!3d42.9334008!4d-78.8947787!16s%2Fg%2F1tcv_dd5!19sChIJaRmNrDoT04kR9a21OQZ_eLA?authuser=0&hl=en&g_ep=EgoyMDI2MDkyMy4wIJJjKgBIAVAD&rclk=1","HIGH PRIORITY 🎯","New Lead"
"199","IN Collision & Auto Repair","Auto repair shop","74 Skillen St, Buffalo, NY 14207, United States","+1 (716) 876-0421","tel:+17168760421","4.8","0","HAS OFFICIAL WEBSITE","https://www.incollisioninc.com/","https://www.google.com/maps/place/IN+Collision+%26+Auto+Repair/data=!4m7!3m6!1s0x89d36cdc81b8c1e5:0x70213237df6eab11!8m2!3d42.957537!4d-78.892275!16s%2Fg%2F1tcysthy!19sChIJ5cG4gdxs04kREatu3zcyIXA?authuser=0&hl=en&g_ep=EgoyMDI2MDkyMy4wIJJjKgBIAVAD&rclk=1","LOW PRIORITY","New Lead"
"200","Mr Dentman","Auto body shop","508 W Utica St, Buffalo, NY 14213, United States","+1 (716) 881-6752","tel:+17168816752","4.0","0","NO WEBSITE (GOLDEN LEAD 🔥)","-","https://www.google.com/maps/place/Mr+Dentman/data=!4m7!3m6!1s0x89d31302f4ba2027:0x7476d26e5aa206aa!8m2!3d42.9112353!4d-78.8853488!16s%2Fg%2F1td26f28!19sChIJJyC69AIT04kRqgaiWm7SdnQ?authuser=0&hl=en&g_ep=EgoyMDI2MDkyMy4wIJJjKgBIAVAD&rclk=1","HIGH PRIORITY 🎯","New Lead"
"201","Motorcar Restoration","Auto body shop","324 Elmwood Ave, Buffalo, NY 14222, United States","+1 (716) 886-1866","tel:+17168861866","4.6","0","NO WEBSITE (GOLDEN LEAD 🔥)","-","https://www.google.com/maps/place/Motorcar+Restoration/data=!4m7!3m6!1s0x89d312f92b8bff93:0xc6fc089b6c8bf62d!8m2!3d42.9057622!4d-78.877564!16s%2Fg%2F1tmxxktx!19sChIJk_-LK_kS04kRLfaLbJsI_MY?authuser=0&hl=en&g_ep=EgoyMDI2MDkyMy4wIJJjKgBIAVAD&rclk=1","HIGH PRIORITY 🎯","New Lead"
"202","S & S Auto Body","Auto repair shop","321 Englewood Ave, Buffalo, NY 14223, United States","+1 (716) 834-0183","tel:+17168340183","4.8","0","HAS OFFICIAL WEBSITE","http://www.ssautobody.com/location.php","https://www.google.com/maps/place/S+%26+S+Auto+Body/data=!4m7!3m6!1s0x89d3729ed6f2aed9:0xda3faef8156292f4!8m2!3d42.9591183!4d-78.8330723!16s%2Fg%2F1tfzsxc6!19sChIJ2a7y1p5y04kR9JJiFfiuP9o?authuser=0&hl=en&g_ep=EgoyMDI2MDkyMy4wIJJjKgBIAVAD&rclk=1","LOW PRIORITY","New Lead"
"203","Pit-Stop Collision Inc","Auto body shop","1360 Clinton St, Buffalo, NY 14206, United States","+1 (716) 825-3104","tel:+17168253104","5.0","0","HAS OFFICIAL WEBSITE","http://pitstopcollision.wixsite.com/pitstop","https://www.google.com/maps/place/Pit-Stop+Collision+Inc/data=!4m7!3m6!1s0x89d30deddd7671fd:0xe98b02d4540b322b!8m2!3d42.8744025!4d-78.8254556!16s%2Fg%2F1thtf390!19sChIJ_XF23e0N04kRKzILVNQCi-k?authuser=0&hl=en&g_ep=EgoyMDI2MDkyMy4wIJJjKgBIAVAD&rclk=1","LOW PRIORITY","New Lead"
"204","Koepnick Brothers Collision","Auto repair shop","20 Abbott Rd Ste 1, Buffalo, NY 14220, United States","+1 (716) 825-8678","tel:+17168258678","4.6","0","NO WEBSITE (GOLDEN LEAD 🔥)","-","https://www.google.com/maps/place/Koepnick+Brothers+Collision/data=!4m7!3m6!1s0x89d30e06363c5953:0x1d7a49459fb3fd4b!8m2!3d42.8571362!4d-78.8283367!16s%2Fg%2F11n__vnv78!19sChIJU1k8NgYO04kRS_2zn0VJeh0?authuser=0&hl=en&g_ep=EgoyMDI2MDkyMy4wIJJjKgBIAVAD&rclk=1","HIGH PRIORITY 🎯","New Lead"
"205","Glaub's Collision","Auto body shop","467 Mineral Springs Rd, West Seneca, NY 14224, United States","+1 (716) 821-0077","tel:+17168210077","4.9","0","HAS OFFICIAL WEBSITE","https://www.glaubscollision.com/","https://www.google.com/maps/place/Glaub%27s+Collision/data=!4m7!3m6!1s0x89d30dd39bde9a6b:0xd571d5b9a9d12d04!8m2!3d42.8623123!4d-78.7963867!16s%2Fg%2F1td0hh1k!19sChIJa5rem9MN04kRBC3RqbnVcdU?authuser=0&hl=en&g_ep=EgoyMDI2MDkyMy4wIJJjKgBIAVAD&rclk=1","LOW PRIORITY","New Lead"
"206","Buff City Auto Repair","Auto repair shop","2312 Bailey Ave, Buffalo, NY 14211, United States","+1 (716) 844-8244","tel:+17168448244","4.3","0","NO WEBSITE (GOLDEN LEAD 🔥)","-","https://www.google.com/maps/place/Buff+City+Auto+Repair/data=!4m7!3m6!1s0x89d30d3fbdb61351:0x358fa31a0e912a2e!8m2!3d42.917724!4d-78.8140588!16s%2Fg%2F11ghs7zlxb!19sChIJURO2vT8N04kRLiqRDhqjjzU?authuser=0&hl=en&g_ep=EgoyMDI2MDkyMy4wIJJjKgBIAVAD&rclk=1","HIGH PRIORITY 🎯","New Lead"
"207","M N Auto Plus","Auto repair shop","669 Bailey Ave, Buffalo, NY 14206, United States","+1 (716) 828-4200","tel:+17168284200","4.1","0","NO WEBSITE (GOLDEN LEAD 🔥)","-","https://www.google.com/maps/place/M+N+Auto+Plus/data=!4m7!3m6!1s0x89d30d013b64c907:0xf474b777a93b6f31!8m2!3d42.8730363!4d-78.8189873!16s%2Fg%2F1tlwb1l2!19sChIJB8lkOwEN04kRMW87qXe3dPQ?authuser=0&hl=en&g_ep=EgoyMDI2MDkyMy4wIJJjKgBIAVAD&rclk=1","HIGH PRIORITY 🎯","New Lead"
"208","Ashland Service Center","Auto repair shop","2412 Bailey Ave, Buffalo, NY 14215, United States","+1 (716) 892-0181","tel:+17168920181","4.3","0","NO WEBSITE (GOLDEN LEAD 🔥)","-","https://www.google.com/maps/place/Ashland+Service+Center/data=!4m7!3m6!1s0x89d30d3f39fa880b:0x2df1d2607ab7b176!8m2!3d42.9202579!4d-78.8140212!16s%2Fg%2F1wk7rvll!19sChIJC4j6OT8N04kRdrG3emDS8S0?authuser=0&hl=en&g_ep=EgoyMDI2MDkyMy4wIJJjKgBIAVAD&rclk=1","HIGH PRIORITY 🎯","New Lead"
"209","1610 Auto","Auto repair shop","1610 Bailey Ave, Buffalo, NY 14212, United States","+1 (716) 908-5890","tel:+17169085890","5.0","0","SOCIAL/DIRECTORY ONLY (GOLDEN LEAD 🔥)","https://www.facebook.com/share/1BH4QpkrvS/?mibextid=wwXIfr","https://www.google.com/maps/place/1610+Auto/data=!4m7!3m6!1s0x89d30d784c589b51:0xadaa0e9eba28e80d!8m2!3d42.8981648!4d-78.8142747!16s%2Fg%2F11fr0qcbc7!19sChIJUZtYTHgN04kRDegoup4Oqq0?authuser=0&hl=en&g_ep=EgoyMDI2MDkyMy4wIJJjKgBIAVAD&rclk=1","HIGH PRIORITY 🎯","New Lead"
"210","AK’S AUTO MAGIC INC.","Tire repair shop","2832 Bailey Ave, Buffalo, NY 14215, United States","+1 (716) 833-2300","tel:+17168332300","4.3","0","NO WEBSITE (GOLDEN LEAD 🔥)","-","https://www.google.com/maps/place/AK%E2%80%99S+AUTO+MAGIC+INC./data=!4m7!3m6!1s0x89d30d35bf4b32ad:0x266ab43dc97900ac!8m2!3d42.9317725!4d-78.813938!16s%2Fg%2F11h230sgz9!19sChIJrTJLvzUN04kRrAB5yT20aiY?authuser=0&hl=en&g_ep=EgoyMDI2MDkyMy4wIJJjKgBIAVAD&rclk=1","HIGH PRIORITY 🎯","New Lead"
"211","Bailey auto center","Auto repair shop","2695 Bailey Ave, Buffalo, NY 14215, United States","+1 (716) 331-3053","tel:+17163313053","4.0","0","NO WEBSITE (GOLDEN LEAD 🔥)","-","https://www.google.com/maps/place/Bailey+auto+center/data=!4m7!3m6!1s0x89d30df1ddd5bfc7:0x8d0611ef2ddf2c04!8m2!3d42.9280737!4d-78.8132073!16s%2Fg%2F11td8l3m8k!19sChIJx7_V3fEN04kRBCzfLe8RBo0?authuser=0&hl=en&g_ep=EgoyMDI2MDkyMy4wIJJjKgBIAVAD&rclk=1","HIGH PRIORITY 🎯","New Lead"
"212","eAutoDiscount Service Center","Auto repair shop","1400 Bailey Ave, Buffalo, NY 14206, United States","+1 (716) 391-2700","tel:+17163912700","5.0","0","HAS OFFICIAL WEBSITE","https://eautodiscount.com/repair","https://www.google.com/maps/place/eAutoDiscount+Service+Center/data=!4m7!3m6!1s0x89d30d9d317c3b61:0xd66d24485a3f076b!8m2!3d42.892656!4d-78.8143337!16s%2Fg%2F11vym03ptf!19sChIJYTt8MZ0N04kRawc_WkgkbdY?authuser=0&hl=en&g_ep=EgoyMDI2MDkyMy4wIJJjKgBIAVAD&rclk=1","LOW PRIORITY","New Lead"
"213","MMM Auto Service","Auto repair shop","3218 Bailey Ave, Buffalo, NY 14215, United States","+1 (716) 838-0263","tel:+17168380263","4.4","0","HAS OFFICIAL WEBSITE","https://mmm-auto-service.ueniweb.com/?utm_campaign=gmb","https://www.google.com/maps/place/MMM+Auto+Service/data=!4m7!3m6!1s0x89d30d15e509a2f1:0x563b4714e64b56b7!8m2!3d42.9422957!4d-78.8140571!16s%2Fg%2F11jy_3xpw1!19sChIJ8aIJ5RUN04kRt1ZL5hRHO1Y?authuser=0&hl=en&g_ep=EgoyMDI2MDkyMy4wIJJjKgBIAVAD&rclk=1","LOW PRIORITY","New Lead"
"214","Automotive Battery & Tire","Tire shop","3218 Bailey Ave, Buffalo, NY 14215, United States","+1 (716) 838-0263","tel:+17168380263","4.1","0","NO WEBSITE (GOLDEN LEAD 🔥)","-","https://www.google.com/maps/place/Automotive+Battery+%26+Tire/data=!4m7!3m6!1s0x89d372c9b386d843:0xe22bf485c8bea100!8m2!3d42.9422677!4d-78.8138655!16s%2Fg%2F1w456lgp!19sChIJQ9iGs8ly04kRAKG-yIX0K-I?authuser=0&hl=en&g_ep=EgoyMDI2MDkyMy4wIJJjKgBIAVAD&rclk=1","HIGH PRIORITY 🎯","New Lead"
"215","Kings Total Car Care","Auto repair shop","2808 Bailey Ave, Buffalo, NY 14215, United States","+1 (716) 837-2701","tel:+17168372701","2.3","0","NO WEBSITE (GOLDEN LEAD 🔥)","-","https://www.google.com/maps/place/Kings+Total+Car+Care/data=!4m7!3m6!1s0x89d30d35c4902603:0x9ae1a68f91be9b5!8m2!3d42.9311349!4d-78.8140537!16s%2Fg%2F1hc0wcd6p!19sChIJAyaQxDUN04kRtekb-Wgargk?authuser=0&hl=en&g_ep=EgoyMDI2MDkyMy4wIJJjKgBIAVAD&rclk=1","HIGH PRIORITY 🎯","New Lead"
"216","Glass America - Auto Glass & Windshield Repair","Auto glass shop","2705 Bailey Ave, Buffalo, NY 14215, United States","+1 (716) 703-5405","tel:+17167035405","4.8","0","HAS OFFICIAL WEBSITE","https://glassusa.com/locations/ny/?utm_source=google_gbp&utm_medium=organic&utm_campaign=local&utm_content=buffalo_ny","https://www.google.com/maps/place/Glass+America+-+Auto+Glass+%26+Windshield+Repair/data=!4m7!3m6!1s0x89d373674546e193:0xf09a4573b4adb3aa!8m2!3d42.9286318!4d-78.813223!16s%2Fg%2F1tjxgm_7!19sChIJk-FGRWdz04kRqrOttHNFmvA?authuser=0&hl=en&g_ep=EgoyMDI2MDkyMy4wIJJjKgBIAVAD&rclk=1","LOW PRIORITY","New Lead"
"217","Auto Md Complete Car Service Center","Car repair and maintenance service","3225 Bailey Ave, Buffalo, NY 14215, United States","+1 (716) 306-9672","tel:+17163069672","4.9","0","NO WEBSITE (GOLDEN LEAD 🔥)","-","https://www.google.com/maps/place/Auto+Md+Complete+Car+Service+Center/data=!4m7!3m6!1s0x89d372c852c9b211:0x2b11b8d2a3f03ea1!8m2!3d42.9424638!4d-78.8133509!16s%2Fg%2F11q_4bf0lz!19sChIJEbLJUshy04kRoT7wo9K4ESs?authuser=0&hl=en&g_ep=EgoyMDI2MDkyMy4wIJJjKgBIAVAD&rclk=1","HIGH PRIORITY 🎯","New Lead"
"218","Bailey Tire Auto & Marine Service Inc.","Tire shop","536 Englewood Ave, Buffalo, NY 14223, United States","+1 (716) 834-4434","tel:+17168344434","4.6","0","HAS OFFICIAL WEBSITE","http://www.buffalonytires.com/home.html","https://www.google.com/maps/place/Bailey+Tire+Auto+%26+Marine+Service+Inc./data=!4m7!3m6!1s0x89d36d6189f2ae57:0xf15e2d0d2293d3a2!8m2!3d42.9618762!4d-78.8400625!16s%2Fg%2F1tr9pdct!19sChIJV67yiWFt04kRotOTIg0tXvE?authuser=0&hl=en&g_ep=EgoyMDI2MDkyMy4wIJJjKgBIAVAD&rclk=1","LOW PRIORITY","New Lead"
"219","Prince Tire","Used tire shop","2832 Bailey Ave, Buffalo, NY 14215, United States","+1 (716) 833-2300","tel:+17168332300","4.2","0","NO WEBSITE (GOLDEN LEAD 🔥)","-","https://www.google.com/maps/place/Prince+Tire/data=!4m7!3m6!1s0x89d30d35bb9635c3:0x4082cf9b3bacb00f!8m2!3d42.9319012!4d-78.8141284!16s%2Fg%2F1hc6s3fhw!19sChIJwzWWuzUN04kRD7CsO5vPgkA?authuser=0&hl=en&g_ep=EgoyMDI2MDkyMy4wIJJjKgBIAVAD&rclk=1","HIGH PRIORITY 🎯","New Lead"
"220","Finish Line Automotive","Used car dealer","2401 Bailey Ave, Buffalo, NY 14215, United States","+1 (716) 895-2996","tel:+17168952996","4.5","0","NO WEBSITE (GOLDEN LEAD 🔥)","-","https://www.google.com/maps/place/Finish+Line+Automotive/data=!4m7!3m6!1s0x89d30d3f3ca2a6c7:0xa5a18f7ba2896ab8!8m2!3d42.9199574!4d-78.8134355!16s%2Fg%2F1tm8lkt9!19sChIJx6aiPD8N04kRuGqJonuPoaU?authuser=0&hl=en&g_ep=EgoyMDI2MDkyMy4wIJJjKgBIAVAD&rclk=1","HIGH PRIORITY 🎯","New Lead"
"221","BC Automotive","Auto repair shop","12 Knox Ave, Buffalo, NY 14216, United States","+1 (716) 240-9416","tel:+17162409416","4.9","0","SOCIAL/DIRECTORY ONLY (GOLDEN LEAD 🔥)","https://www.facebook.com/profile.php?id=100063539593479","https://www.google.com/maps/place/BC+Automotive/data=!4m7!3m6!1s0x89d36cbb6f19d90f:0x81540a39c85a2e27!8m2!3d42.9436564!4d-78.8675062!16s%2Fg%2F1tc_g76v!19sChIJD9kZb7ts04kRJy5ayDkKVIE?authuser=0&hl=en&g_ep=EgoyMDI2MDkyMy4wIJJjKgBIAVAD&rclk=1","HIGH PRIORITY 🎯","New Lead"
"222","PRD Perormance","Auto body shop","299 Bailey Ave, Buffalo, NY 14210, United States","-","-","-","0","NO WEBSITE (GOLDEN LEAD 🔥)","-","https://www.google.com/maps/place/PRD+Perormance/data=!4m7!3m6!1s0x89d30d0059f5ca87:0xb9eba118c9e01a0c!8m2!3d42.864134!4d-78.8252935!16s%2Fg%2F11z8sw5twb!19sChIJh8r1WQAN04kRDBrgyRih67k?authuser=0&hl=en&g_ep=EgoyMDI2MDkyMy4wIJJjKgBIAVAD&rclk=1","HIGH PRIORITY 🎯","New Lead"
"223","NEW DESHI AUTO REPAIR INC","Auto bodywork mechanic","1719 William St, Buffalo, NY 14206, United States","+1 (716) 563-8212","tel:+17165638212","5.0","0","NO WEBSITE (GOLDEN LEAD 🔥)","-","https://www.google.com/maps/place/NEW+DESHI+AUTO+REPAIR+INC/data=!4m7!3m6!1s0x89d30d6873369c43:0x184d08329c40dd9f!8m2!3d42.8845459!4d-78.8071092!16s%2Fg%2F11zchn_bh8!19sChIJQ5w2c2gN04kRn91AnDIITRg?authuser=0&hl=en&g_ep=EgoyMDI2MDkyMy4wIJJjKgBIAVAD&rclk=1","HIGH PRIORITY 🎯","New Lead"
"224","Just Fix It","Auto repair shop","1526 William St, Buffalo, NY 14206, United States","+1 (716) 587-2266","tel:+17165872266","4.9","0","NO WEBSITE (GOLDEN LEAD 🔥)","-","https://www.google.com/maps/place/Just+Fix+It/data=!4m7!3m6!1s0x89d30d5d688414a1:0xef4e214629fa0684!8m2!3d42.8851094!4d-78.8146608!16s%2Fg%2F11x33xzsnz!19sChIJoRSEaF0N04kRhAb6KUYhTu8?authuser=0&hl=en&g_ep=EgoyMDI2MDkyMy4wIJJjKgBIAVAD&rclk=1","HIGH PRIORITY 🎯","New Lead"
"225","C Banks Automotive Services","Auto repair shop","304 Herman St, Buffalo, NY 14211, United States","+1 (716) 602-4344","tel:+17166024344","4.7","0","NO WEBSITE (GOLDEN LEAD 🔥)","-","https://www.google.com/maps/place/C+Banks+Automotive+Services/data=!4m7!3m6!1s0x89d312875b5505ed:0xcb8c731a506af7a8!8m2!3d42.9005328!4d-78.8448384!16s%2Fg%2F1tqtbnm9!19sChIJ7QVVW4cS04kRqPdqUBpzjMs?authuser=0&hl=en&g_ep=EgoyMDI2MDkyMy4wIJJjKgBIAVAD&rclk=1","HIGH PRIORITY 🎯","New Lead"
"226","TechShare","Mechanic","1400 Bailey Ave Suite 3, Buffalo, NY 14206, United States","+1 (716) 464-3016","tel:+17164643016","-","0","HAS OFFICIAL WEBSITE","https://techshare.ai/","https://www.google.com/maps/place/TechShare/data=!4m7!3m6!1s0x89d30decbf3c6aef:0x410db74307e1e263!8m2!3d42.8926686!4d-78.8143791!16s%2Fg%2F11y69vhm3s!19sChIJ72o8v-wN04kRY-LhB0O3DUE?authuser=0&hl=en&g_ep=EgoyMDI2MDkyMy4wIJJjKgBIAVAD&rclk=1","LOW PRIORITY","New Lead"
"227","Max Auto Service","Auto repair shop","1871 Hertel Ave, Buffalo, NY 14214, United States","+1 (716) 836-0066","tel:+17168360066","4.2","0","NO WEBSITE (GOLDEN LEAD 🔥)","-","https://www.google.com/maps/place/Max+Auto+Service/data=!4m7!3m6!1s0x89d36d58025be6bf:0x75c31282f8350be!8m2!3d42.9472595!4d-78.8384988!16s%2Fg%2F1wt3pdjh!19sChIJv-ZbAlht04kRvlCDLygxXAc?authuser=0&hl=en&g_ep=EgoyMDI2MDkyMy4wIJJjKgBIAVAD&rclk=1","HIGH PRIORITY 🎯","New Lead"
"228","Hertel Auto Care","Mechanic","1261 Hertel Ave, Buffalo, NY 14216, United States","+1 (716) 381-8510","tel:+17163818510","3.9","0","NO WEBSITE (GOLDEN LEAD 🔥)","-","https://www.google.com/maps/place/Hertel+Auto+Care/data=!4m7!3m6!1s0x89d36d65c39b152b:0xfbc3cc5cac972784!8m2!3d42.9474606!4d-78.8613324!16s%2Fg%2F11fmbff5jp!19sChIJKxWbw2Vt04kRhCeXrFzMw_s?authuser=0&hl=en&g_ep=EgoyMDI2MDkyMy4wIJJjKgBIAVAD&rclk=1","HIGH PRIORITY 🎯","New Lead"
"229","Dragons Automotive","Auto repair shop","940 Hertel Ave, Buffalo, NY 14216, United States","+1 (716) 322-5225","tel:+17163225225","4.9","0","HAS OFFICIAL WEBSITE","http://dragonsautomotive.com/?utm_source=gmb&utm_medium=referral","https://www.google.com/maps/place/Dragons+Automotive/data=!4m7!3m6!1s0x89d36d3b452a46f5:0x3faf0a89ba5f7d4a!8m2!3d42.948298!4d-78.8735216!16s%2Fg%2F11jfl5_bst!19sChIJ9UYqRTtt04kRSn1fuokKrz8?authuser=0&hl=en&g_ep=EgoyMDI2MDkyMy4wIJJjKgBIAVAD&rclk=1","LOW PRIORITY","New Lead"
"230","Tringali's Auto Services Inc","Brake shop","1138 Hertel Ave, Buffalo, NY 14216, United States","+1 (716) 877-3377","tel:+17168773377","4.6","0","HAS OFFICIAL WEBSITE","http://www.tringalisautoservice.com/","https://www.google.com/maps/place/Tringali%27s+Auto+Services+Inc/data=!4m7!3m6!1s0x89d36d372ec00007:0x7bf239204866b6ef!8m2!3d42.9481307!4d-78.8661792!16s%2Fg%2F1w6r981v!19sChIJBwDALjdt04kR77ZmSCA58ns?authuser=0&hl=en&g_ep=EgoyMDI2MDkyMy4wIJJjKgBIAVAD&rclk=1","LOW PRIORITY","New Lead"
"231","Auto Stop Inc","Auto repair shop","7 Grant St, Buffalo, NY 14213, United States","+1 (716) 768-1490","tel:+17167681490","5.0","0","NO WEBSITE (GOLDEN LEAD 🔥)","-","https://www.google.com/maps/place/Auto+Stop+Inc/data=!4m7!3m6!1s0x89d3131b4e152aed:0x5590875f584938f3!8m2!3d42.91434!4d-78.8899958!16s%2Fg%2F1260n1zjg!19sChIJ7SoVThsT04kR8zhJWF-HkFU?authuser=0&hl=en&g_ep=EgoyMDI2MDkyMy4wIJJjKgBIAVAD&rclk=1","HIGH PRIORITY 🎯","New Lead"
"232","M&G AUTO SALES AND REPAIRS Inc.","Used car dealer","1054 Grant St, Buffalo, NY 14207, United States","+1 (716) 603-3432","tel:+17166033432","4.9","0","SOCIAL/DIRECTORY ONLY (GOLDEN LEAD 🔥)","https://www.facebook.com/profile.php?id=100090904083698&sk=about","https://www.google.com/maps/place/M%26G+AUTO+SALES+AND+REPAIRS+Inc./data=!4m7!3m6!1s0x89d3137b1c0cfec7:0xfde02dc495e77884!8m2!3d42.9406724!4d-78.8917567!16s%2Fg%2F11fghw6621!19sChIJx_4MHHsT04kRhHjnlcQt4P0?authuser=0&hl=en&g_ep=EgoyMDI2MDkyMy4wIJJjKgBIAVAD&rclk=1","HIGH PRIORITY 🎯","New Lead"
"233","Homers Automobile Services","Auto repair shop","420 Sycamore St, Buffalo, NY 14204, United States","+1 (716) 852-2160","tel:+17168522160","4.2","0","NO WEBSITE (GOLDEN LEAD 🔥)","-","https://www.google.com/maps/place/Homers+Automobile+Services/data=!4m7!3m6!1s0x89d31265db8f4c67:0x3000c3763939fd79!8m2!3d42.892798!4d-78.8550942!16s%2Fg%2F1tdmfw6r!19sChIJZ0yP22US04kRef05OXbDADA?authuser=0&hl=en&g_ep=EgoyMDI2MDkyMy4wIJJjKgBIAVAD&rclk=1","HIGH PRIORITY 🎯","New Lead"
"234","Family Auto of Wny inc and repair","Auto repair shop","1988 Niagara St, Buffalo, NY 14207, United States","+1 (716) 895-6110","tel:+17168956110","4.3","0","HAS OFFICIAL WEBSITE","http://www.familyautowny.com/","https://www.google.com/maps/place/Family+Auto+of+Wny+inc+and+repair/data=!4m7!3m6!1s0x89d3133669037df1:0x54f2e71c54d6fcbf!8m2!3d42.9382289!4d-78.9045585!16s%2Fg%2F1vvdw5yy!19sChIJ8X0DaTYT04kRv_zWVBzn8lQ?authuser=0&hl=en&g_ep=EgoyMDI2MDkyMy4wIJJjKgBIAVAD&rclk=1","LOW PRIORITY","New Lead"
"235","Jay Bee's","Auto repair shop","816 Genesee St, Buffalo, NY 14211, United States","+1 (716) 893-3378","tel:+17168933378","4.4","0","NO WEBSITE (GOLDEN LEAD 🔥)","-","https://www.google.com/maps/place/Jay+Bee%27s/data=!4m7!3m6!1s0x89d3127d76c3afdb:0x9704abd56c357549!8m2!3d42.8993661!4d-78.8469597!16s%2Fg%2F1wn34nb7!19sChIJ26_Ddn0S04kRSXU1bNWrBJc?authuser=0&hl=en&g_ep=EgoyMDI2MDkyMy4wIJJjKgBIAVAD&rclk=1","HIGH PRIORITY 🎯","New Lead"
"236","B K Automotive","Auto repair shop","127 Baynes St, Buffalo, NY 14213, United States","+1 (716) 882-4772","tel:+17168824772","2.0","0","NO WEBSITE (GOLDEN LEAD 🔥)","-","https://www.google.com/maps/place/B+K+Automotive/data=!4m7!3m6!1s0x89d3131e6e1f60e7:0xe59e470bf939971d!8m2!3d42.9189499!4d-78.8853825!16s%2Fg%2F1vhlz517!19sChIJ52Afbh4T04kRHZc5-QtHnuU?authuser=0&hl=en&g_ep=EgoyMDI2MDkyMy4wIJJjKgBIAVAD&rclk=1","HIGH PRIORITY 🎯","New Lead"
"237","Liberty Auto Plus Inc","Used car dealer","980 Grant St, Buffalo, NY 14207, United States","+1 (716) 877-5414","tel:+17168775414","4.5","0","HAS OFFICIAL WEBSITE","http://www.libertyautoplus.com/","https://www.google.com/maps/place/Liberty+Auto+Plus+Inc/data=!4m7!3m6!1s0x89d3132c3d1ee2fb:0xc27c480af2e02610!8m2!3d42.9388285!4d-78.8905811!16s%2Fg%2F1tdpsn4x!19sChIJ--IePSwT04kRECbg8gpIfMI?authuser=0&hl=en&g_ep=EgoyMDI2MDkyMy4wIJJjKgBIAVAD&rclk=1","LOW PRIORITY","New Lead"
"238","L&K Auto Repair LLC","Auto repair shop","2246 Niagara St, Buffalo, NY 14207, United States","+1 (716) 507-6408","tel:+17165076408","4.6","0","NO WEBSITE (GOLDEN LEAD 🔥)","-","https://www.google.com/maps/place/L%26K+Auto+Repair+LLC/data=!4m7!3m6!1s0x89d36d68a599f823:0xdf126433f07ffbeb!8m2!3d42.9453872!4d-78.9079803!16s%2Fg%2F11gxmv2yp5!19sChIJI_iZpWht04kR6_t_8DNkEt8?authuser=0&hl=en&g_ep=EgoyMDI2MDkyMy4wIJJjKgBIAVAD&rclk=1","HIGH PRIORITY 🎯","New Lead"
"239","Joe's Service Center","Auto repair shop","corner of, 1602 Elmwood Ave, Amherst St, Buffalo, NY 14207, United States","+1 (716) 877-8168","tel:+17168778168","4.0","0","HAS OFFICIAL WEBSITE","http://joesservice.com/","https://www.google.com/maps/place/Joe%27s+Service+Center/data=!4m7!3m6!1s0x89d312d494318ca3:0xd4417b1735ae935b!8m2!3d42.9404486!4d-78.8788675!16s%2Fg%2F1tdbxr91!19sChIJo4wxlNQS04kRW5OuNRd7QdQ?authuser=0&hl=en&g_ep=EgoyMDI2MDkyMy4wIJJjKgBIAVAD&rclk=1","LOW PRIORITY","New Lead"
"240","716 Auto & Tire Inc.","Auto repair shop","2028 Niagara St, Buffalo, NY 14207, United States","+1 (716) 381-8040","tel:+17163818040","4.7","0","NO WEBSITE (GOLDEN LEAD 🔥)","-","https://www.google.com/maps/place/716+Auto+%26+Tire+Inc./data=!4m7!3m6!1s0x89d3138f3bf86c2d:0xae6d753013719bb2!8m2!3d42.9392708!4d-78.9049349!16s%2Fg%2F11frt6dv5v!19sChIJLWz4O48T04kRsptxEzB1ba4?authuser=0&hl=en&g_ep=EgoyMDI2MDkyMy4wIJJjKgBIAVAD&rclk=1","HIGH PRIORITY 🎯","New Lead"
"241","E. Delavan Auto Sales & Repair","Auto repair shop","2010 Niagara St, Buffalo, NY 14207, United States","+1 (716) 698-8295","tel:+17166988295","4.5","0","NO WEBSITE (GOLDEN LEAD 🔥)","-","https://www.google.com/maps/place/E.+Delavan+Auto+Sales+%26+Repair/data=!4m7!3m6!1s0x89d3133672099a99:0xad4e36b6f0abbb0f!8m2!3d42.9386287!4d-78.9049951!16s%2Fg%2F1hc6xw31x!19sChIJmZoJcjYT04kRD7ur8LY2Tq0?authuser=0&hl=en&g_ep=EgoyMDI2MDkyMy4wIJJjKgBIAVAD&rclk=1","HIGH PRIORITY 🎯","New Lead"
"242","Cosuma Auto","Auto repair shop","1073 Niagara St, Buffalo, NY 14213, United States","+1 (716) 830-8181","tel:+17168308181","4.9","0","NO WEBSITE (GOLDEN LEAD 🔥)","-","https://www.google.com/maps/place/Cosuma+Auto/data=!4m7!3m6!1s0x89d3130e61f8aa1d:0x8bd1f8d5868c9234!8m2!3d42.9125029!4d-78.899478!16s%2Fg%2F11c6cxc7gj!19sChIJHar4YQ4T04kRNJKMhtX40Ys?authuser=0&hl=en&g_ep=EgoyMDI2MDkyMy4wIJJjKgBIAVAD&rclk=1","HIGH PRIORITY 🎯","New Lead"
"243","Hyman's Auto Service & Repair","Auto repair shop","571 Best St, Buffalo, NY 14208, United States","-","-","5.0","0","NO WEBSITE (GOLDEN LEAD 🔥)","-","https://www.google.com/maps/place/Hyman%27s+Auto+Service+%26+Repair/data=!4m7!3m6!1s0x89d31286f5998d2d:0x24d5d55c2fa7a4c1!8m2!3d42.9035148!4d-78.8466893!16s%2Fg%2F11h3mvyg1h!19sChIJLY2Z9YYS04kRwaSnL1zV1SQ?authuser=0&hl=en&g_ep=EgoyMDI2MDkyMy4wIJJjKgBIAVAD&rclk=1","HIGH PRIORITY 🎯","New Lead"
"244","Lubin Auto Repair","Auto repair shop","1300 Fillmore Ave, Buffalo, NY 14211, United States","+1 (716) 891-7504","tel:+17168917504","4.6","0","NO WEBSITE (GOLDEN LEAD 🔥)","-","https://www.google.com/maps/place/Lubin+Auto+Repair/data=!4m7!3m6!1s0x89d3129d4dbae385:0x29f308cde8dfc378!8m2!3d42.9090628!4d-78.8394543!16s%2Fg%2F1tgyxpqr!19sChIJheO6TZ0S04kReMPf6M0I8yk?authuser=0&hl=en&g_ep=EgoyMDI2MDkyMy4wIJJjKgBIAVAD&rclk=1","HIGH PRIORITY 🎯","New Lead"
"245","Medina’s Garage Inc","Auto repair shop","975 West Ave, Buffalo, NY 14213, United States","+1 (716) 510-5011","tel:+17165105011","4.7","0","NO WEBSITE (GOLDEN LEAD 🔥)","-","https://www.google.com/maps/place/Medina%E2%80%99s+Garage+Inc/data=!4m7!3m6!1s0x89d3138a0f7cc0c1:0xfab64c7e427673da!8m2!3d42.9168033!4d-78.8968985!16s%2Fg%2F11s7rb4gnh!19sChIJwcB8D4oT04kR2nN2Qn5Mtvo?authuser=0&hl=en&g_ep=EgoyMDI2MDkyMy4wIJJjKgBIAVAD&rclk=1","HIGH PRIORITY 🎯","New Lead"
"246","J & J Services Station","Auto repair shop","503 Ontario St, Buffalo, NY 14207, United States","+1 (716) 874-2494","tel:+17168742494","5.0","0","NO WEBSITE (GOLDEN LEAD 🔥)","-","https://www.google.com/maps/place/J+%26+J+Services+Station/data=!4m7!3m6!1s0x89d36cc49690ad47:0x835b7c4130ecf2ce!8m2!3d42.9570048!4d-78.8965747!16s%2Fg%2F1tfq5mxh!19sChIJR62QlsRs04kRzvLsMEF8W4M?authuser=0&hl=en&g_ep=EgoyMDI2MDkyMy4wIJJjKgBIAVAD&rclk=1","HIGH PRIORITY 🎯","New Lead"
"247","Pinpoint Repair, LLC","Auto repair shop","400 Vulcan St #412, Buffalo, NY 14207, United States","+1 (716) 405-0698","tel:+17164050698","5.0","0","HAS OFFICIAL WEBSITE","http://www.pinpoint-repair.com/","https://www.google.com/maps/place/Pinpoint+Repair,+LLC/data=!4m7!3m6!1s0x89d313064281edd3:0x1ab37c57163b5573!8m2!3d42.965812!4d-78.9006415!16s%2Fg%2F1q62dmcbm!19sChIJ0-2BQgYT04kRc1U7Fld8sxo?authuser=0&hl=en&g_ep=EgoyMDI2MDkyMy4wIJJjKgBIAVAD&rclk=1","LOW PRIORITY","New Lead"
"248","Spooling Up Performance LLC","Auto repair shop","1357 Niagara St, Buffalo, NY 14213, United States","+1 (716) 205-3397","tel:+17162053397","4.9","0","HAS OFFICIAL WEBSITE","http://www.spoolingupperformance.com/","https://www.google.com/maps/place/Spooling+Up+Performance+LLC/data=!4m7!3m6!1s0x89d3a13694277175:0x5d5995f8a92fbd32!8m2!3d42.9210882!4d-78.8980806!16s%2Fg%2F11r5m6f2xx!19sChIJdXEnlDah04kRMr0vqfiVWV0?authuser=0&hl=en&g_ep=EgoyMDI2MDkyMy4wIJJjKgBIAVAD&rclk=1","LOW PRIORITY","New Lead"
"249","JCR Transport","Transportation service","3085 Seneca St, Buffalo, NY 14224, United States","+1 (716) 825-1000","tel:+17168251000","4.8","0","HAS OFFICIAL WEBSITE","http://jcr-transport.com/","https://www.google.com/maps/place/JCR+Transport/data=!4m7!3m6!1s0x89d30e925f5ed427:0x2a2284823b2d88e6!8m2!3d42.8381608!4d-78.7799051!16s%2Fg%2F11j03b_v7h!19sChIJJ9ReX5IO04kR5ogtO4KEIio?authuser=0&hl=en&g_ep=EgoyMDI2MDkyMy4wIJJjKgBIAVAD&rclk=1","LOW PRIORITY","New Lead"
"250","Scott's Diesel Solutions","Truck repair shop","2298 Kenmore Ave, Buffalo, NY 14207, United States","+1 (716) 875-0590","tel:+17168750590","4.6","0","HAS OFFICIAL WEBSITE","https://www.scottsdieselsolutions.com/","https://www.google.com/maps/place/Scott%27s+Diesel+Solutions/data=!4m7!3m6!1s0x89d36cebf229f271:0x44c70f7733ac2d9!8m2!3d42.9677486!4d-78.901163!16s%2Fg%2F1v27wgxy!19sChIJcfIp8uts04kR2cI6c_dwTAQ?authuser=0&hl=en&g_ep=EgoyMDI2MDkyMy4wIJJjKgBIAVAD&rclk=1","LOW PRIORITY","New Lead"
"251","Dynamic ATR","Truck repair shop","59 Halstead Ave, Buffalo, NY 14212, United States","+1 (845) 803-4485","tel:+18458034485","-","0","NO WEBSITE (GOLDEN LEAD 🔥)","-","https://www.google.com/maps/place/Dynamic+ATR/data=!4m7!3m6!1s0x89d30dabc716f071:0x1c41919612ad3490!8m2!3d42.8920955!4d-78.7936717!16s%2Fg%2F11f6yv89fn!19sChIJcfAWx6sN04kRkDStEpaRQRw?authuser=0&hl=en&g_ep=EgoyMDI2MDkyMy4wIJJjKgBIAVAD&rclk=1","HIGH PRIORITY 🎯","New Lead"
"252","Aim Transportation Solutions - Buffalo","Truck rental agency","25 Dingens St, Buffalo, NY 14206, United States","+1 (716) 826-6895","tel:+17168266895","4.7","0","HAS OFFICIAL WEBSITE","http://www.aimntls.com/","https://www.google.com/maps/place/Aim+Transportation+Solutions+-+Buffalo/data=!4m7!3m6!1s0x89d30dbff53b7311:0x8f38aacaa1ff48c7!8m2!3d42.8774583!4d-78.8142479!16s%2Fg%2F1vlzcbr3!19sChIJEXM79b8N04kRx0j_ocqqOI8?authuser=0&hl=en&g_ep=EgoyMDI2MDkyMy4wIJJjKgBIAVAD&rclk=1","LOW PRIORITY","New Lead"
"253","Larkin Service Inc","Auto repair shop","670 Perry St, Buffalo, NY 14210, United States","+1 (716) 827-1310","tel:+17168271310","5.0","0","NO WEBSITE (GOLDEN LEAD 🔥)","-","https://www.google.com/maps/place/Larkin+Service+Inc/data=!4m7!3m6!1s0x89d313003a9a8279:0xb67d5eb8157f116d!8m2!3d42.872015!4d-78.8525194!16s%2Fg%2F11vrcm5j2z!19sChIJeYKaOgAT04kRbRF_FbhefbY?authuser=0&hl=en&g_ep=EgoyMDI2MDkyMy4wIJJjKgBIAVAD&rclk=1","HIGH PRIORITY 🎯","New Lead"
"254","Diesel Services of W NY Inc","Truck repair shop","991 Aero Dr #1411, Cheektowaga, NY 14225, United States","+1 (716) 634-4061","tel:+17166344061","4.8","0","NO WEBSITE (GOLDEN LEAD 🔥)","-","https://www.google.com/maps/place/Diesel+Services+of+W+NY+Inc/data=!4m7!3m6!1s0x89d374ddcb7b6055:0x6f0d04102cdab0d!8m2!3d42.9419007!4d-78.7090443!16s%2Fg%2F1ttq32bz!19sChIJVWB7y91004kRDavNAkHQ8AY?authuser=0&hl=en&g_ep=EgoyMDI2MDkyMy4wIJJjKgBIAVAD&rclk=1","HIGH PRIORITY 🎯","New Lead"
"255","Kenworth Northeast","Truck dealer","100 Commerce Dr, Buffalo, NY 14218, United States","+1 (716) 852-2800","tel:+17168522800","4.3","0","HAS OFFICIAL WEBSITE","https://www.kenworthne.com/","https://www.google.com/maps/place/Kenworth+Northeast/data=!4m7!3m6!1s0x89d37194966f5571:0xfe7fe634aa590f16!8m2!3d42.8312155!4d-78.8491842!16s%2Fg%2F1tcy9wp0!19sChIJcVVvlpRx04kRFg9ZqjTmf_4?authuser=0&hl=en&g_ep=EgoyMDI2MDkyMy4wIJJjKgBIAVAD&rclk=1","LOW PRIORITY","New Lead"
"256","Fleet Maintenance Inc- Freightliner & Western Star of Buffalo","Auto repair shop","67 Ransier Dr, Buffalo, NY 14224, United States","+1 (716) 675-9220","tel:+17166759220","3.7","0","HAS OFFICIAL WEBSITE","http://www.fmibuffalo.com/","https://www.google.com/maps/place/Fleet+Maintenance+Inc-+Freightliner+%26+Western+Star+of+Buffalo/data=!4m7!3m6!1s0x89d309533e06e70f:0x411c8f51d9adb2ff!8m2!3d42.8457756!4d-78.7461186!16s%2Fg%2F1tg_y1s_!19sChIJD-cGPlMJ04kR_7Kt2VGPHEE?authuser=0&hl=en&g_ep=EgoyMDI2MDkyMy4wIJJjKgBIAVAD&rclk=1","LOW PRIORITY","New Lead"
"257","City of Buffalo Impound Lot","Parking lot","166 Dart St, Buffalo, NY 14213, United States","+1 (716) 851-5369","tel:+17168515369","3.2","0","HAS OFFICIAL WEBSITE","https://www.buffalony.gov/directory.aspx?did=169","https://www.google.com/maps/place/City+of+Buffalo+Impound+Lot/data=!4m7!3m6!1s0x89d313259ac1dfcb:0xc382bb34dfc51db3!8m2!3d42.9326654!4d-78.8914416!16s%2Fg%2F11f4lf6sfx!19sChIJy9_BmiUT04kRsx3F3zS7gsM?authuser=0&hl=en&g_ep=EgoyMDI2MDkyMy4wIJJjKgBIAVAD&rclk=1","LOW PRIORITY","New Lead"
"258","Nu-Era Services","Towing service","95 Miami St, Buffalo, NY 14204, United States","+1 (716) 856-7533","tel:+17168567533","2.5","0","HAS OFFICIAL WEBSITE","https://nueraservice.com/","https://www.google.com/maps/place/Nu-Era+Services/data=!4m7!3m6!1s0x89d312247fd14467:0x1e4070f15818305e!8m2!3d42.8707038!4d-78.8666102!16s%2Fg%2F1tkr07mp!19sChIJZ0TRfyQS04kRXjAYWPFwQB4?authuser=0&hl=en&g_ep=EgoyMDI2MDkyMy4wIJJjKgBIAVAD&rclk=1","LOW PRIORITY","New Lead"
"259","Nick's Roadside Assistance","Towing service","Buffalo, NY","+1 (716) 277-2664","tel:+17162772664","4.7","0","HAS OFFICIAL WEBSITE","http://nicksrsa.com/","https://www.google.com/maps/place/Nick%27s+Roadside+Assistance/data=!4m7!3m6!1s0x89d30fae71d9286d:0x8c5a35fd19dc4ef2!8m2!3d42.837807!4d-78.8152784!16s%2Fg%2F11rz2bfs95!19sChIJbSjZca4P04kR8k7cGf01Wow?authuser=0&hl=en&g_ep=EgoyMDI2MDkyMy4wIJJjKgBIAVAD&rclk=1","LOW PRIORITY","New Lead"
"260","Nationwide Fleet Assist","Towing service","3604 Main St, Buffalo, NY 14226, United States","+1 (512) 548-2331","tel:+15125482331","-","0","HAS OFFICIAL WEBSITE","https://nationwidefleetassist.com/","https://www.google.com/maps/place/Nationwide+Fleet+Assist/data=!4m7!3m6!1s0x89d3735be5571559:0x400a833ea9abc425!8m2!3d42.9590069!4d-78.8157801!16s%2Fg%2F11z7pwg26c!19sChIJWRVX5Vtz04kRJcSrqT6DCkA?authuser=0&hl=en&g_ep=EgoyMDI2MDkyMy4wIJJjKgBIAVAD&rclk=1","LOW PRIORITY","New Lead"
"261","Time Light Roadside Assistance","Towing service","125 Galleria Dr, Cheektowaga, NY 14225, United States","+1 (716) 603-5950","tel:+17166035950","4.8","0","HAS OFFICIAL WEBSITE","https://www.timelightroadside.com/","https://www.google.com/maps/place/Time+Light+Roadside+Assistance/data=!4m7!3m6!1s0x89d30dcc1ab0f609:0x3d9e7c947e4ecd6d!8m2!3d42.9154726!4d-78.7573619!16s%2Fg%2F11fr2pw59z!19sChIJCfawGswN04kRbc1OfpR8nj0?authuser=0&hl=en&g_ep=EgoyMDI2MDkyMy4wIJJjKgBIAVAD&rclk=1","LOW PRIORITY","New Lead"
"262","Crew 90","Towing service","Buffalo, NY","+1 (716) 868-2711","tel:+17168682711","5.0","0","HAS OFFICIAL WEBSITE","http://crew90.com/","https://www.google.com/maps/place/Crew+90/data=!4m7!3m6!1s0x2b4318f1fb9eaa9:0xe139acf949a4c94!8m2!3d46.423669!4d-129.9427086!16s%2Fg%2F11ss6lh0my!19sChIJqeq5H48xtAIRlEyalM-aEw4?authuser=0&hl=en&g_ep=EgoyMDI2MDkyMy4wIJJjKgBIAVAD&rclk=1","LOW PRIORITY","New Lead"
"263","Buffalo Junkyard","Junkyard","Buffalo, NY","+1 (716) 393-5351","tel:+17163935351","4.9","0","HAS OFFICIAL WEBSITE","https://bobscashforjunkcarsbuffalony.com/buffalo-junkyard/","https://www.google.com/maps/place/Buffalo+Junkyard/data=!4m7!3m6!1s0x89d36dd5002cf4f3:0x4f5b2e5b229a61da!8m2!3d42.8915574!4d-78.8279284!16s%2Fg%2F11lr_627mm!19sChIJ8_QsANVt04kR2mGaIlsuW08?authuser=0&hl=en&g_ep=EgoyMDI2MDkyMy4wIJJjKgBIAVAD&rclk=1","LOW PRIORITY","New Lead"
"264","Schoemann's Road Service, Inc.","Towing service","Buffalo, NY","+1 (716) 759-1147","tel:+17167591147","4.5","0","HAS OFFICIAL WEBSITE","https://schoemannsroadservice.com/?utm_source=omg-gbp&utm_medium=webclick","https://www.google.com/maps/place/Schoemann%27s+Road+Service,+Inc./data=!4m7!3m6!1s0x8a8b09f4e527af55:0xc961228bbcfdb1da!8m2!3d42.987755!4d-78.5418114!16s%2Fg%2F11vb9m6n7p!19sChIJVa8n5fQJi4oR2rH9vIsiYck?authuser=0&hl=en&g_ep=EgoyMDI2MDkyMy4wIJJjKgBIAVAD&rclk=1","LOW PRIORITY","New Lead"
"265","ExhaustDr - Exhausts & Catalytic Converters","Muffler shop","50 Fountain Plz #1400, Buffalo, NY 14202, United States","+1 (866) 239-4287","tel:+18662394287","3.0","0","HAS OFFICIAL WEBSITE","http://exhaustdr.com/","https://www.google.com/maps/place/ExhaustDr+-+Exhausts+%26+Catalytic+Converters/data=!4m7!3m6!1s0x89d313b2fc9acbb3:0xc45c74cd16f9d2a8!8m2!3d42.8898193!4d-78.8738661!16s%2Fg%2F11qrj59s86!19sChIJs8ua_LIT04kRqNL5Fs10XMQ?authuser=0&hl=en&g_ep=EgoyMDI2MDkyMy4wIJJjKgBIAVAD&rclk=1","LOW PRIORITY","New Lead"
"266","Tinys shop","Mechanic","68 Churchill St, Buffalo, NY 14207, United States","+1 (716) 563-6541","tel:+17165636541","4.3","0","NO WEBSITE (GOLDEN LEAD 🔥)","-","https://www.google.com/maps/place/Tinys+shop/data=!4m7!3m6!1s0x89d313c2028d3443:0x9403702fdceca53f!8m2!3d42.9383924!4d-78.8958026!16s%2Fg%2F11tgd6nj5f!19sChIJQzSNAsIT04kRP6Xs3C9wA5Q?authuser=0&hl=en&g_ep=EgoyMDI2MDkyMy4wIJJjKgBIAVAD&rclk=1","HIGH PRIORITY 🎯","New Lead"
"267","M & M U Pull It Inc","Used auto parts store","2150 William St, Buffalo, NY 14206, United States","+1 (716) 896-1775","tel:+17168961775","4.1","0","HAS OFFICIAL WEBSITE","http://www.mmupullit.com/","https://www.google.com/maps/place/M+%26+M+U+Pull+It+Inc/data=!4m7!3m6!1s0x89d30c4d7b66ffcd:0x137218d1cd0d0c6e!8m2!3d42.8849064!4d-78.7905392!16s%2Fg%2F1tc_0hf2!19sChIJzf9me00M04kRbgwNzdEYchM?authuser=0&hl=en&g_ep=EgoyMDI2MDkyMy4wIJJjKgBIAVAD&rclk=1","LOW PRIORITY","New Lead"
"268","R & R Salvage Inc","Salvage yard","1329 William St, Buffalo, NY 14206, United States","+1 (716) 856-3608","tel:+17168563608","4.3","0","HAS OFFICIAL WEBSITE","http://www.buffalometalrecycling.com/","https://www.google.com/maps/place/R+%26+R+Salvage+Inc/data=!4m7!3m6!1s0x89d30d915098ff6f:0xb36983a052abb550!8m2!3d42.8844897!4d-78.8216714!16s%2Fg%2F1hc7hxvn6!19sChIJb_-YUJEN04kRULWrUqCDabM?authuser=0&hl=en&g_ep=EgoyMDI2MDkyMy4wIJJjKgBIAVAD&rclk=1","LOW PRIORITY","New Lead"
"269","Buffalo Engine Components Inc","Auto body parts supplier","1824 Fillmore Ave, Buffalo, NY 14214, United States","+1 (716) 893-2661","tel:+17168932661","4.4","0","HAS OFFICIAL WEBSITE","http://buffaloengine.com/","https://www.google.com/maps/place/Buffalo+Engine+Components+Inc/data=!4m7!3m6!1s0x89d30d7a2b5eb4e9:0xd9bbd42f3a216bf5!8m2!3d42.9236045!4d-78.8402844!16s%2Fg%2F1vc82t1p!19sChIJ6bReK3oN04kR9WshOi_Uu9k?authuser=0&hl=en&g_ep=EgoyMDI2MDkyMy4wIJJjKgBIAVAD&rclk=1","LOW PRIORITY","New Lead"
"270","Niagara Metals","Junkyard","41 Hannah St #2205, Buffalo, NY 14206, United States","+1 (716) 242-5544","tel:+17162425544","4.8","0","HAS OFFICIAL WEBSITE","https://www.niagarametals.com/","https://www.google.com/maps/place/Niagara+Metals/data=!4m7!3m6!1s0x89d30d921d381f4b:0x69c893dfafbdebf3!8m2!3d42.8827527!4d-78.825619!16s%2Fg%2F1w97wc4c!19sChIJSx84HZIN04kR8-u9r9-TyGk?authuser=0&hl=en&g_ep=EgoyMDI2MDkyMy4wIJJjKgBIAVAD&rclk=1","LOW PRIORITY","New Lead"
"271","Metalico Buffalo","Scrap metal dealer","127 Fillmore Ave, Buffalo, NY 14210, United States","+1 (716) 823-3788","tel:+17168233788","4.2","0","HAS OFFICIAL WEBSITE","http://www.metalicobuffalo.com/","https://www.google.com/maps/place/Metalico+Buffalo/data=!4m7!3m6!1s0x89d3120bdb689ec1:0x959bb9e0d63bed3b!8m2!3d42.8761955!4d-78.8413969!16s%2Fg%2F1tyzzzp4!19sChIJwZ5o2wsS04kRO-071uC5m5U?authuser=0&hl=en&g_ep=EgoyMDI2MDkyMy4wIJJjKgBIAVAD&rclk=1","LOW PRIORITY","New Lead"
"272","Wilbert's U-Pull It of Buffalo","Auto broker","550 Pound Rd, Elma, NY 14059, United States","+1 (716) 246-0606","tel:+17162460606","4.7","0","HAS OFFICIAL WEBSITE","https://www.wilberts.com/u-pull-it/","https://www.google.com/maps/place/Wilbert%27s+U-Pull+It+of+Buffalo/data=!4m7!3m6!1s0x89d3098d5c5850d1:0xc0665939217efd39!8m2!3d42.8359625!4d-78.6807704!16s%2Fg%2F1hc388mtx!19sChIJ0VBYXI0J04kROf1-ITlZZsA?authuser=0&hl=en&g_ep=EgoyMDI2MDkyMy4wIJJjKgBIAVAD&rclk=1","LOW PRIORITY","New Lead"
"273","big moes junkyard","Junkyard","409 Hertel Ave, Buffalo, NY 14207, United States","+1 (716) 445-1677","tel:+17164451677","3.3","0","HAS OFFICIAL WEBSITE","http://moescash4cars.com/","https://www.google.com/maps/place/big+moes+junkyard/data=!4m7!3m6!1s0x89d36d78684a7407:0xcd951f66a980b669!8m2!3d42.9456524!4d-78.8927127!16s%2Fg%2F11nxpl4l6t!19sChIJB3RKaHht04kRabaAqWYflc0?authuser=0&hl=en&g_ep=EgoyMDI2MDkyMy4wIJJjKgBIAVAD&rclk=1","LOW PRIORITY","New Lead"
"274","DSS Roofing","Roofing contractor","127 Hiler Ave, Buffalo, NY 14217, United States","+1 (716) 907-7373","tel:+17169077373","5.0","0","HAS OFFICIAL WEBSITE","https://www.dssroofing.com/","https://www.google.com/maps/place/DSS+Roofing/data=!4m7!3m6!1s0x89d36d5633b3fe7f:0xde134b563297c16a!8m2!3d42.9623071!4d-78.8536926!16s%2Fg%2F11fhr0x6xm!19sChIJf_6zM1Zt04kRasGXMlZLE94?authuser=0&hl=en&g_ep=EgoyMDI2MDkyMy4wIJJjKgBIAVAD&rclk=1","LOW PRIORITY","New Lead"
"275","Buffalo's Best Roofing Company LLC","Roofing contractor","4589 Genesee St, Cheektowaga, NY 14225, United States","+1 (716) 276-3673","tel:+17162763673","4.8","0","HAS OFFICIAL WEBSITE","https://www.buffalosbestroofing.com/","https://www.google.com/maps/place/Buffalo%27s+Best+Roofing+Company+LLC/data=!4m7!3m6!1s0x89d373ad28875e43:0xc536ee74d3afb946!8m2!3d42.9342993!4d-78.7162673!16s%2Fg%2F11ggbd1113!19sChIJQ16HKK1z04kRRrmv03TuNsU?authuser=0&hl=en&g_ep=EgoyMDI2MDkyMy4wIJJjKgBIAVAD&rclk=1","LOW PRIORITY","New Lead"
"276","Buffalo Roofing Co","Roofing contractor","118 Lexington Ave, Buffalo, NY 14222, United States","+1 (716) 374-6610","tel:+17163746610","5.0","0","HAS OFFICIAL WEBSITE","https://buffaloroofingexperts.com/","https://www.google.com/maps/place/Buffalo+Roofing+Co/data=!4m7!3m6!1s0x87c0e9846f8fae63:0xa4cf69a550c932d3!8m2!3d42.9129477!4d-78.8743334!16s%2Fg%2F11stt3r9np!19sChIJY66Pb4TpwIcR0zLJUKVpz6Q?authuser=0&hl=en&g_ep=EgoyMDI2MDkyMy4wIJJjKgBIAVAD&rclk=1","LOW PRIORITY","New Lead"
"277","Lervon Roofing Services","Roofing contractor","697 Prospect Ave, Buffalo, NY 14213, United States","+1 (347) 506-2845","tel:+13475062845","5.0","0","NO WEBSITE (GOLDEN LEAD 🔥)","-","https://www.google.com/maps/place/Lervon+Roofing+Services/data=!4m7!3m6!1s0x89d31304713c44ed:0xa6c43a5797827b08!8m2!3d42.9056946!4d-78.894292!16s%2Fg%2F11z9rdq3l3!19sChIJ7UQ8cQQT04kRCHuCl1c6xKY?authuser=0&hl=en&g_ep=EgoyMDI2MDkyMy4wIJJjKgBIAVAD&rclk=1","HIGH PRIORITY 🎯","New Lead"
"278","Dalex Roofing","Roofing contractor","1974 Eggert Rd, Buffalo, NY 14226, United States","+1 (716) 609-2918","tel:+17166092918","4.8","0","HAS OFFICIAL WEBSITE","http://www.dalexroofing.com/","https://www.google.com/maps/place/Dalex+Roofing/data=!4m7!3m6!1s0x89d36fc8f0383585:0x7f8191d23ee0ba62!8m2!3d42.9773417!4d-78.8159492!16s%2Fg%2F1tgfr314!19sChIJhTU48Mhv04kRYrrgPtKRgX8?authuser=0&hl=en&g_ep=EgoyMDI2MDkyMy4wIJJjKgBIAVAD&rclk=1","LOW PRIORITY","New Lead"
"279","OakLine Works","Roofing contractor","38 Lonsdale Rd, Buffalo, NY 14208, United States","+1 (725) 255-0793","tel:+17252550793","5.0","0","NO WEBSITE (GOLDEN LEAD 🔥)","-","https://www.google.com/maps/place/OakLine+Works/data=!4m7!3m6!1s0x89d3131b9387b899:0xb1ae60f2e19ca5e4!8m2!3d42.9158812!4d-78.8525022!16s%2Fg%2F11n3b9bz_9!19sChIJmbiHkxsT04kR5KWc4fJgrrE?authuser=0&hl=en&g_ep=EgoyMDI2MDkyMy4wIJJjKgBIAVAD&rclk=1","HIGH PRIORITY 🎯","New Lead"
"280","StormXpert Home Remodeling","Contractor","327 Niagara St, Buffalo, NY 14201, United States","+1 (716) 936-7663","tel:+17169367663","4.9","0","NO WEBSITE (GOLDEN LEAD 🔥)","-","https://www.google.com/maps/place/StormXpert+Home+Remodeling/data=!4m7!3m6!1s0x89d313845d81d97f:0x267eeb0c6f749904!8m2!3d42.893366!4d-78.8843023!16s%2Fg%2F11vrs065bt!19sChIJf9mBXYQT04kRBJl0bwzrfiY?authuser=0&hl=en&g_ep=EgoyMDI2MDkyMy4wIJJjKgBIAVAD&rclk=1","HIGH PRIORITY 🎯","New Lead"
"281","Allen&Jones Roofing","Roofing contractor","3705 Harlem Rd, Cheektowaga, NY 14215, United States","+1 (716) 994-7663","tel:+17169947663","5.0","0","NO WEBSITE (GOLDEN LEAD 🔥)","-","https://www.google.com/maps/place/Allen%26Jones+Roofing/data=!4m7!3m6!1s0x89d313152899e285:0xcf7a143680a740b8!8m2!3d42.9445258!4d-78.7836654!16s%2Fg%2F11h0b1x297!19sChIJheKZKBUT04kRuECngDYUes8?authuser=0&hl=en&g_ep=EgoyMDI2MDkyMy4wIJJjKgBIAVAD&rclk=1","HIGH PRIORITY 🎯","New Lead"
"282","Dunkle & Sons","Roofing contractor","1588 Clinton St, Buffalo, NY 14206, United States","-","-","3.8","0","NO WEBSITE (GOLDEN LEAD 🔥)","-","https://www.google.com/maps/place/Dunkle+%26+Sons/data=!4m7!3m6!1s0x89d30de98ebddfd3:0xc4a6bd48d8e337cf!8m2!3d42.8722394!4d-78.8180119!16s%2Fg%2F1tslkq4p!19sChIJ09-9jukN04kRzzfj2Ei9psQ?authuser=0&hl=en&g_ep=EgoyMDI2MDkyMy4wIJJjKgBIAVAD&rclk=1","HIGH PRIORITY 🎯","New Lead"
"283","SteelSteel Restore","Roofing contractor","42 Gesl St, Buffalo, NY 14214, United States","+1 (386) 408-9472","tel:+13864089472","-","0","NO WEBSITE (GOLDEN LEAD 🔥)","-","https://www.google.com/maps/place/SteelSteel+Restore/data=!4m7!3m6!1s0x89d313817c2016f5:0xe441b78ac499a69b!8m2!3d42.9299776!4d-78.8402984!16s%2Fg%2F11z515g1_r!19sChIJ9RYgfIET04kRm6aZxIq3QeQ?authuser=0&hl=en&g_ep=EgoyMDI2MDkyMy4wIJJjKgBIAVAD&rclk=1","HIGH PRIORITY 🎯","New Lead"
"284","AAA Roofing Painting and More","Roofing contractor","347 Benzinger St Rear, Buffalo, NY 14206, United States","+1 (716) 218-8268","tel:+17162188268","5.0","0","NO WEBSITE (GOLDEN LEAD 🔥)","-","https://www.google.com/maps/place/AAA+Roofing+Painting+and+More/data=!4m7!3m6!1s0x89d30dcb4d643de1:0x9ec7401fcbacff9a!8m2!3d42.8943694!4d-78.8058678!16s%2Fg%2F11h108lsrv!19sChIJ4T1kTcsN04kRmv-syx9Ax54?authuser=0&hl=en&g_ep=EgoyMDI2MDkyMy4wIJJjKgBIAVAD&rclk=1","HIGH PRIORITY 🎯","New Lead"
"285","Lifetime Siding, Roofing and Construction","Roofing contractor","5500 N Bailey Ave, Buffalo, NY 14226, United States","+1 (716) 239-6476","tel:+17162396476","4.9","0","HAS OFFICIAL WEBSITE","http://www.lifetimesidingandroofing.com/","https://www.google.com/maps/place/Lifetime+Siding,+Roofing+and+Construction/data=!4m7!3m6!1s0x89d3723fd8515361:0xb9fd8c9177f3802c!8m2!3d42.9940777!4d-78.8132945!16s%2Fg%2F11c5qpc4z0!19sChIJYVNR2D9y04kRLIDzd5GM_bk?authuser=0&hl=en&g_ep=EgoyMDI2MDkyMy4wIJJjKgBIAVAD&rclk=1","LOW PRIORITY","New Lead"
"286","Five Star Roofing Consultants & Services","Roofing contractor","1320 Military Rd, Buffalo, NY 14217, United States","+1 (716) 828-6279","tel:+17168286279","4.9","0","HAS OFFICIAL WEBSITE","http://www.fivestarserviceswny.com/","https://www.google.com/maps/place/Five+Star+Roofing+Consultants+%26+Services/data=!4m7!3m6!1s0x89d36dabb0241a53:0x7f36fcc5d50ea8b!8m2!3d42.9731777!4d-78.8875624!16s%2Fg%2F1tqp_6xs!19sChIJUxoksKtt04kRi-pQXcxv8wc?authuser=0&hl=en&g_ep=EgoyMDI2MDkyMy4wIJJjKgBIAVAD&rclk=1","LOW PRIORITY","New Lead"
"287","Erie Home Roofing","Roofing contractor","4950 Genesee St Ste 130, Buffalo, NY 14225, United States","+1 (716) 403-4097","tel:+17164034097","4.6","0","HAS OFFICIAL WEBSITE","https://eriehome.com/locations/roofing/cheektowaga-ny/?utm_source=gbp&utm_medium=roofing&utm_campaign=Cheektowaga","https://www.google.com/maps/place/Erie+Home+Roofing/data=!4m7!3m6!1s0x89d375cbf0a30c41:0xfa27ff3a901469be!8m2!3d42.9375726!4d-78.7035623!16s%2Fg%2F11m75m_ksh!19sChIJQQyj8Mt104kRvmkUkDr_J_o?authuser=0&hl=en&g_ep=EgoyMDI2MDkyMy4wIJJjKgBIAVAD&rclk=1","LOW PRIORITY","New Lead"
"288","TurkMasters Roofing Systems","Roofing contractor","307 Vulcan St, Buffalo, NY 14207, United States","+1 (716) 444-6543","tel:+17164446543","4.5","0","HAS OFFICIAL WEBSITE","http://turkmastersroofing.com/","https://www.google.com/maps/place/TurkMasters+Roofing+Systems/data=!4m7!3m6!1s0x89d36d0bce3d5d07:0xfe642e188d929df6!8m2!3d42.9629921!4d-78.9032787!16s%2Fg%2F11jfh7f17_!19sChIJB109zgtt04kR9p2SjRguZP4?authuser=0&hl=en&g_ep=EgoyMDI2MDkyMy4wIJJjKgBIAVAD&rclk=1","LOW PRIORITY","New Lead"
"289","Home Handyman Service Inc.","Roofing contractor","Buffalo, NY","+1 (716) 884-3567","tel:+17168843567","3.4","0","HAS OFFICIAL WEBSITE","https://rooferbuffalony.com/","https://www.google.com/maps/place/Home+Handyman+Service+Inc./data=!4m7!3m6!1s0x89d313046661df55:0x16fd00bba922481f!8m2!3d43.0345724!4d-79.123857!16s%2Fg%2F1q5bq7rj1!19sChIJVd9hZgQT04kRH0giqbsA_RY?authuser=0&hl=en&g_ep=EgoyMDI2MDkyMy4wIJJjKgBIAVAD&rclk=1","LOW PRIORITY","New Lead"
"290","Bock & Whitman Construction Inc.","Roofing contractor","532 Norfolk Ave, Buffalo, NY 14215, United States","+1 (716) 835-6904","tel:+17168356904","3.5","0","NO WEBSITE (GOLDEN LEAD 🔥)","-","https://www.google.com/maps/place/Bock+%26+Whitman+Construction+Inc./data=!4m7!3m6!1s0x89d30d493d8ba9bf:0x4d1d5d386c87f177!8m2!3d42.9295883!4d-78.819794!16s%2Fg%2F1tg_h0py!19sChIJv6mLPUkN04kRd_GHbDhdHU0?authuser=0&hl=en&g_ep=EgoyMDI2MDkyMy4wIJJjKgBIAVAD&rclk=1","HIGH PRIORITY 🎯","New Lead"
"291","Pro Roofing Services Buffalo","Roofing contractor","355 Connecticut St, Buffalo, NY 14213, United States","+1 (716) 267-1247","tel:+17162671247","-","0","NO WEBSITE (GOLDEN LEAD 🔥)","-","https://www.google.com/maps/place/Pro+Roofing+Services+Buffalo/data=!4m7!3m6!1s0x89d313026140e5e3:0xcc982487f104317e!8m2!3d42.8499632!4d-78.8339406!16s%2Fg%2F11cs4fxw31!19sChIJ4-VAYQIT04kRfjEE8YckmMw?authuser=0&hl=en&g_ep=EgoyMDI2MDkyMy4wIJJjKgBIAVAD&rclk=1","HIGH PRIORITY 🎯","New Lead"
"292","ABC Roofers","Roofing contractor","266 Elmwood Ave #2202, Buffalo, NY 14222, United States","+1 (716) 352-7863","tel:+17163527863","2.3","0","NO WEBSITE (GOLDEN LEAD 🔥)","-","https://www.google.com/maps/place/ABC+Roofers/data=!4m7!3m6!1s0x89d30c3641bdc20d:0xa41db8ce00a68641!8m2!3d42.903848!4d-78.8781303!16s%2Fg%2F11gbxd476h!19sChIJDcK9QTYM04kRQYamAM64HaQ?authuser=0&hl=en&g_ep=EgoyMDI2MDkyMy4wIJJjKgBIAVAD&rclk=1","HIGH PRIORITY 🎯","New Lead"
"293","green view contracting inc","Roofing contractor","69 Girard Pl, Buffalo, NY 14211, United States","+1 (347) 993-8830","tel:+13479938830","5.0","0","NO WEBSITE (GOLDEN LEAD 🔥)","-","https://www.google.com/maps/place/green+view+contracting+inc/data=!4m7!3m6!1s0x89d30d55999f7695:0x146f2c7674997521!8m2!3d42.9081212!4d-78.8405199!16s%2Fg%2F11g8crv3sh!19sChIJlXafmVUN04kRIXWZdHYsbxQ?authuser=0&hl=en&g_ep=EgoyMDI2MDkyMy4wIJJjKgBIAVAD&rclk=1","HIGH PRIORITY 🎯","New Lead"
"294","Buffalo Roofing","Roofing contractor","5565 Transit Rd, Williamsville, NY 14221, United States","+1 (716) 444-7663","tel:+17164447663","4.8","0","HAS OFFICIAL WEBSITE","https://www.buffaloroofing.com/?utm_source=gmb&utm_medium=organic&utm_campaign=GBP_Visit","https://www.google.com/maps/place/Buffalo+Roofing/data=!4m7!3m6!1s0x89d375d87e4076dd:0xd94990fe8d21224c!8m2!3d42.999559!4d-78.695932!16s%2Fg%2F11h6gcjftn!19sChIJ3XZAfth104kRTCIhjf6QSdk?authuser=0&hl=en&g_ep=EgoyMDI2MDkyMy4wIJJjKgBIAVAD&rclk=1","LOW PRIORITY","New Lead"
"295","OConnor Contracting","Roofing contractor","106 Hubbardston Pl, Buffalo, NY 14228, United States","+1 (716) 600-7663","tel:+17166007663","4.9","0","HAS OFFICIAL WEBSITE","http://www.oconnorroofingbuffalo.com/","https://www.google.com/maps/place/OConnor+Contracting/data=!4m7!3m6!1s0x89d3718dd396f8d5:0x14c8fb77006b49b8!8m2!3d43.0191761!4d-78.8102761!16s%2Fg%2F11c0vnyp0d!19sChIJ1fiW041x04kRuElrAHf7yBQ?authuser=0&hl=en&g_ep=EgoyMDI2MDkyMy4wIJJjKgBIAVAD&rclk=1","LOW PRIORITY","New Lead"
"296","Dreambuilt Contracting","Construction company","1669 Genesee St, Buffalo, NY 14211, United States","+1 (716) 557-7349","tel:+17165577349","5.0","0","HAS OFFICIAL WEBSITE","https://dreambuiltny.com/","https://www.google.com/maps/place/Dreambuilt+Contracting/data=!4m7!3m6!1s0x2b23cd5dcf4baf47:0x5f3a90e3b07fa8f1!8m2!3d42.9102172!4d-78.8190133!16s%2Fg%2F11nvtptdcc!19sChIJR69Lz13NIysR8ah_sOOQOl8?authuser=0&hl=en&g_ep=EgoyMDI2MDkyMy4wIJJjKgBIAVAD&rclk=1","LOW PRIORITY","New Lead"
"297","Done Well Home Improvement","Roofing contractor","1121 Seneca St, Buffalo, NY 14210, United States","+1 (716) 603-9640","tel:+17166039640","4.0","0","NO WEBSITE (GOLDEN LEAD 🔥)","-","https://www.google.com/maps/place/Done+Well+Home+Improvement/data=!4m7!3m6!1s0x89d30df7eb387485:0x8e7aa733eb1a4cd7!8m2!3d42.8712321!4d-78.836903!16s%2Fg%2F11btvl9bkd!19sChIJhXQ46_cN04kR10wa6zOneo4?authuser=0&hl=en&g_ep=EgoyMDI2MDkyMy4wIJJjKgBIAVAD&rclk=1","HIGH PRIORITY 🎯","New Lead"
"298","Champion Roofing Solutions","Roofing contractor","600 Main St, Buffalo, NY 14222, United States","-","-","-","0","NO WEBSITE (GOLDEN LEAD 🔥)","-","https://www.google.com/maps/place/Champion+Roofing+Solutions/data=!4m7!3m6!1s0x89d3135bdffbbba9:0x872d70428eb98779!8m2!3d42.8904341!4d-78.8730197!16s%2Fg%2F11njsm3vgm!19sChIJqbv731sT04kReYe5jkJwLYc?authuser=0&hl=en&g_ep=EgoyMDI2MDkyMy4wIJJjKgBIAVAD&rclk=1","HIGH PRIORITY 🎯","New Lead"
"299","Level Up Roofing Company","Construction company","299 Potters Rd, Buffalo, NY 14220, United States","+1 (716) 456-8333","tel:+17164568333","-","0","HAS OFFICIAL WEBSITE","http://mylocalroofer.co/buffalo","https://www.google.com/maps/place/Level+Up+Roofing+Company/data=!4m7!3m6!1s0x89d30fc9ccc11b59:0xa9da7a474ebb16eb!8m2!3d42.8403585!4d-78.8027993!16s%2Fg%2F11tf6fq_90!19sChIJWRvBzMkP04kR6xa7Tkd62qk?authuser=0&hl=en&g_ep=EgoyMDI2MDkyMy4wIJJjKgBIAVAD&rclk=1","LOW PRIORITY","New Lead"
"300","Buffalo Quality Roofing Service","Roofing contractor","248 William St, Buffalo, NY 14204, United States","+1 (315) 313-7861","tel:+13153137861","-","0","HAS OFFICIAL WEBSITE","http://paulsvaluehomerepair.shop/","https://www.google.com/maps/place/Buffalo+Quality+Roofing+Service/data=!4m7!3m6!1s0x89d313ff36c04585:0x4e7d45332a9d370d!8m2!3d42.8852449!4d-78.8620588!16s%2Fg%2F11vsbp7r4g!19sChIJhUXANv8T04kRDTedKjNFfU4?authuser=0&hl=en&g_ep=EgoyMDI2MDkyMy4wIJJjKgBIAVAD&rclk=1","LOW PRIORITY","New Lead"
"301","Bynum Brothers","Roofing contractor","324 Glenwood Ave, Buffalo, NY 14208, United States","+1 (716) 884-7663","tel:+17168847663","3.4","0","NO WEBSITE (GOLDEN LEAD 🔥)","-","https://www.google.com/maps/place/Bynum+Brothers/data=!4m7!3m6!1s0x89d31291a6fbe7b7:0x8e20350cca193f57!8m2!3d42.9125597!4d-78.8532529!16s%2Fg%2F1tg16q5s!19sChIJt-f7ppES04kRVz8Zygw1II4?authuser=0&hl=en&g_ep=EgoyMDI2MDkyMy4wIJJjKgBIAVAD&rclk=1","HIGH PRIORITY 🎯","New Lead"
"302","Caleb's Home","Contractor","133 Durham Ave, Buffalo, NY 14215, United States","+1 (716) 259-6419","tel:+17162596419","5.0","0","NO WEBSITE (GOLDEN LEAD 🔥)","-","https://www.google.com/maps/place/Caleb%27s+Home/data=!4m7!3m6!1s0x89d30d491e731537:0xdd2b27e4045f5ac6!8m2!3d42.9259778!4d-78.8276583!16s%2Fg%2F11frrznft2!19sChIJNxVzHkkN04kRxlpfBOQnK90?authuser=0&hl=en&g_ep=EgoyMDI2MDkyMy4wIJJjKgBIAVAD&rclk=1","HIGH PRIORITY 🎯","New Lead"
"303","J Cap Contractors LLC","Roofing contractor","2004 Sweet Home Rd, Buffalo, NY 14228, United States","+1 (716) 634-7663","tel:+17166347663","4.9","0","NO WEBSITE (GOLDEN LEAD 🔥)","-","https://www.google.com/maps/place/J+Cap+Contractors+LLC/data=!4m7!3m6!1s0x89d313ad00000001:0xf603e146b8c77629!8m2!3d43.0141493!4d-78.7994612!16s%2Fg%2F1vvr75hm!19sChIJAQAAAK0T04kRKXbHuEbhA_Y?authuser=0&hl=en&g_ep=EgoyMDI2MDkyMy4wIJJjKgBIAVAD&rclk=1","HIGH PRIORITY 🎯","New Lead"
"304","Queen City Builders","Remodeler","Buffalo, NY","+1 (716) 347-9588","tel:+17163479588","4.8","0","HAS OFFICIAL WEBSITE","https://www.queencitybuilders.net/","https://www.google.com/maps/place/Queen+City+Builders/data=!4m7!3m6!1s0x89d30f8b5f9a2b33:0x21a250e0c151330e!8m2!3d43.0345724!4d-78.8855275!16s%2Fg%2F11ky_y8rvc!19sChIJMyuaX4sP04kRDjNRweBQoiE?authuser=0&hl=en&g_ep=EgoyMDI2MDkyMy4wIJJjKgBIAVAD&rclk=1","LOW PRIORITY","New Lead"
"305","HomeTownfix Roofing","Roofing contractor","366 Dodge St, Buffalo, NY 14208, United States","+1 (839) 306-6201","tel:+18393066201","-","0","NO WEBSITE (GOLDEN LEAD 🔥)","-","https://www.google.com/maps/place/HomeTownfix+Roofing/data=!4m7!3m6!1s0x89d3130004bd8a13:0x121bc72896620c3d!8m2!3d42.9057507!4d-78.8534028!16s%2Fg%2F11zkrthycv!19sChIJE4q9BAAT04kRPQxilijHGxI?authuser=0&hl=en&g_ep=EgoyMDI2MDkyMy4wIJJjKgBIAVAD&rclk=1","HIGH PRIORITY 🎯","New Lead"
"306","NorthWorks Roofing","Roofing contractor","232 14th St, Buffalo, NY 14213, United States","+1 (858) 417-5022","tel:+18584175022","-","0","NO WEBSITE (GOLDEN LEAD 🔥)","-","https://www.google.com/maps/place/NorthWorks+Roofing/data=!4m7!3m6!1s0x89d313e9cf362813:0x1efd6be97666f290!8m2!3d42.906867!4d-78.8876212!16s%2Fg%2F11yz9s28vl!19sChIJEyg2z-kT04kRkPJmdulr_R4?authuser=0&hl=en&g_ep=EgoyMDI2MDkyMy4wIJJjKgBIAVAD&rclk=1","HIGH PRIORITY 🎯","New Lead"
"307","RIBCO Inc.","Roofing contractor","1032 Niagara St, Buffalo, NY 14213, United States","+1 (716) 883-1421","tel:+17168831421","5.0","0","HAS OFFICIAL WEBSITE","https://ribcoinc.com/","https://www.google.com/maps/place/RIBCO+Inc./data=!4m7!3m6!1s0x89d3130c20aed6bb:0xe70bb29dd0f6f56c!8m2!3d42.9114541!4d-78.9003713!16s%2Fg%2F1thtf39g!19sChIJu9auIAwT04kRbPX20J2yC-c?authuser=0&hl=en&g_ep=EgoyMDI2MDkyMy4wIJJjKgBIAVAD&rclk=1","LOW PRIORITY","New Lead"
"308","CityPeakfix Roofing","Roofing contractor","1720 Main St, Buffalo, NY 14209, United States","+1 (227) 266-2100","tel:+12272662100","-","0","NO WEBSITE (GOLDEN LEAD 🔥)","-","https://www.google.com/maps/place/CityPeakfix+Roofing/data=!4m7!3m6!1s0x89d31359060d772b:0xee5c6fd987b79d2c!8m2!3d42.9194768!4d-78.8609785!16s%2Fg%2F11zkrx2v3p!19sChIJK3cNBlkT04kRLJ23h9lvXO4?authuser=0&hl=en&g_ep=EgoyMDI2MDkyMy4wIJJjKgBIAVAD&rclk=1","HIGH PRIORITY 🎯","New Lead"
"309","Pendleton Roofing","Roofing contractor","233 Lombard St, Buffalo, NY 14212, United States","+1 (562) 540-6021","tel:+15625406021","-","0","NO WEBSITE (GOLDEN LEAD 🔥)","-","https://www.google.com/maps/place/Pendleton+Roofing/data=!4m7!3m6!1s0x89d30dfd910a7317:0x54ae164f3d3aa187!8m2!3d42.8924696!4d-78.836873!16s%2Fg%2F11yyclpdlz!19sChIJF3MKkf0N04kRh6E6PU8WrlQ?authuser=0&hl=en&g_ep=EgoyMDI2MDkyMy4wIJJjKgBIAVAD&rclk=1","HIGH PRIORITY 🎯","New Lead"
"310","Zwick Home Improvements","Roofing contractor","343 Abbott Rd, Buffalo, NY 14220, United States","+1 (716) 826-4385","tel:+17168264385","3.9","0","HAS OFFICIAL WEBSITE","https://www.zwickshomeimprovement.com/","https://www.google.com/maps/place/Zwick+Home+Improvements/data=!4m7!3m6!1s0x89d30e0c58b704cf:0x63b7555801dad92!8m2!3d42.8524865!4d-78.8184166!16s%2Fg%2F1xgrny09!19sChIJzwS3WAwO04kRkq0dgFV1OwY?authuser=0&hl=en&g_ep=EgoyMDI2MDkyMy4wIJJjKgBIAVAD&rclk=1","LOW PRIORITY","New Lead"
"311","Oaks Roofing & Siding","Roofing contractor","2641 William St, Cheektowaga, NY 14227, United States","+1 (716) 577-6257","tel:+17165776257","5.0","0","HAS OFFICIAL WEBSITE","https://oaksroofingandsiding.com/buffalo-ny/","https://www.google.com/maps/place/Oaks+Roofing+%26+Siding/data=!4m7!3m6!1s0x89d36d90745f3047:0x2b26569255de91e3!8m2!3d42.8838319!4d-78.7721863!16s%2Fg%2F11thpbpd1k!19sChIJRzBfdJBt04kR45HeVZJWJis?authuser=0&hl=en&g_ep=EgoyMDI2MDkyMy4wIJJjKgBIAVAD&rclk=1","LOW PRIORITY","New Lead"
"312","Progressive Roofing Inc","Roofing contractor","325 Grote St, Buffalo, NY 14207, United States","+1 (716) 873-8711","tel:+17168738711","4.6","0","HAS OFFICIAL WEBSITE","https://progressiveroofinginc.com/","https://www.google.com/maps/place/Progressive+Roofing+Inc/data=!4m7!3m6!1s0x89d36d2b3124fc63:0xf1d19254edf15fc5!8m2!3d42.9421688!4d-78.8793591!16s%2Fg%2F1xtf2k5y!19sChIJY_wkMStt04kRxV_x7VSS0fE?authuser=0&hl=en&g_ep=EgoyMDI2MDkyMy4wIJJjKgBIAVAD&rclk=1","LOW PRIORITY","New Lead"
"313","Friendly Chimney & Home Maintenance","Masonry contractor","Buffalo, NY","+1 (716) 597-2777","tel:+17165972777","5.0","0","NO WEBSITE (GOLDEN LEAD 🔥)","-","https://www.google.com/maps/place/Friendly+Chimney+%26+Home+Maintenance/data=!4m7!3m6!1s0x89d30df760802633:0x17ece5160711f99c!8m2!3d42.8625749!4d-78.8264304!16s%2Fg%2F11b69grwyr!19sChIJMyaAYPcN04kRnPkRBxbl7Bc?authuser=0&hl=en&g_ep=EgoyMDI2MDkyMy4wIJJjKgBIAVAD&rclk=1","HIGH PRIORITY 🎯","New Lead"
"314","Copper & Slate Inc.","Sheet metal contractor","1729 Bailey Ave, Buffalo, NY 14211, United States","+1 (716) 893-0402","tel:+17168930402","5.0","0","HAS OFFICIAL WEBSITE","http://www.copperslate.com/","https://www.google.com/maps/place/Copper+%26+Slate+Inc./data=!4m7!3m6!1s0x89d30d0c9d3393b3:0xa7db98b60205f52d!8m2!3d42.9015562!4d-78.8134105!16s%2Fg%2F1thfgf42!19sChIJs5MznQwN04kRLfUFAraY26c?authuser=0&hl=en&g_ep=EgoyMDI2MDkyMy4wIJJjKgBIAVAD&rclk=1","LOW PRIORITY","New Lead"
"315","Graves Brothers Home Improvement","Roofing contractor","2641 William St, Cheektowaga, NY 14227, United States","+1 (716) 875-7663","tel:+17168757663","4.7","0","HAS OFFICIAL WEBSITE","https://gravesbros.com/","https://www.google.com/maps/place/Graves+Brothers+Home+Improvement/data=!4m7!3m6!1s0x89d36d8255e81f43:0x5c22453523fb5c9c!8m2!3d42.8838303!4d-78.7721915!16s%2Fg%2F11g4c89hgw!19sChIJQx_oVYJt04kRnFz7IzVFIlw?authuser=0&hl=en&g_ep=EgoyMDI2MDkyMy4wIJJjKgBIAVAD&rclk=1","LOW PRIORITY","New Lead"
"316","Phillips General Contracting","General contractor","14 Perkins Pl, Buffalo, NY 14213, United States","+1 (716) 553-2002","tel:+17165532002","4.5","0","NO WEBSITE (GOLDEN LEAD 🔥)","-","https://www.google.com/maps/place/Phillips+General+Contracting/data=!4m7!3m6!1s0x89d313181a5ed2a7:0xb5bbe42191ebefc5!8m2!3d42.9231615!4d-78.89428!16s%2Fg%2F11cnd96d0h!19sChIJp9JeGhgT04kRxe_rkSHku7U?authuser=0&hl=en&g_ep=EgoyMDI2MDkyMy4wIJJjKgBIAVAD&rclk=1","HIGH PRIORITY 🎯","New Lead"
"317","BUFFALO HANDYMAN MAINTENANCE","Handyman/Handywoman/Handyperson","67 Ridge Park Ave, Buffalo, NY 14211, United States","+1 (716) 609-5005","tel:+17166095005","4.6","0","HAS OFFICIAL WEBSITE","https://theroofdoctors716.wixsite.com/kevinthehandyman","https://www.google.com/maps/place/BUFFALO+HANDYMAN+MAINTENANCE/data=!4m7!3m6!1s0x89d30571823da52d:0xa82486497f80836d!8m2!3d42.9093749!4d-78.7893392!16s%2Fg%2F11j6ttl6yh!19sChIJLaU9gnEF04kRbYOAf0mGJKg?authuser=0&hl=en&g_ep=EgoyMDI2MDkyMy4wIJJjKgBIAVAD&rclk=1","LOW PRIORITY","New Lead"
"318","Twin Tiers Construction of Buffalo","Construction company","1700 Clinton St, Buffalo, NY 14206, United States","+1 (716) 336-2703","tel:+17163362703","4.5","0","HAS OFFICIAL WEBSITE","https://twintiersbuffalo.com/","https://www.google.com/maps/place/Twin+Tiers+Construction+of+Buffalo/data=!4m7!3m6!1s0x89d309dfa64cc4e1:0x8b73da0d085adf6e!8m2!3d42.8721881!4d-78.813717!16s%2Fg%2F11sjr7fg9x!19sChIJ4cRMpt8J04kRbt9aCA3ac4s?authuser=0&hl=en&g_ep=EgoyMDI2MDkyMy4wIJJjKgBIAVAD&rclk=1","LOW PRIORITY","New Lead"
"319","Reska & Sons, Llc","General contractor","58 Whitfield Ave, Buffalo, NY 14220, United States","+1 (716) 435-3685","tel:+17164353685","5.0","0","NO WEBSITE (GOLDEN LEAD 🔥)","-","https://www.google.com/maps/place/Reska+%26+Sons,+Llc/data=!4m7!3m6!1s0x89d30e16a6557b07:0xb1797ccf923c63b0!8m2!3d42.8438503!4d-78.821516!16s%2Fg%2F11hy9nj124!19sChIJB3tVphYO04kRsGM8ks98ebE?authuser=0&hl=en&g_ep=EgoyMDI2MDkyMy4wIJJjKgBIAVAD&rclk=1","HIGH PRIORITY 🎯","New Lead"
"320","Cheektowaga Roofing","Roofing contractor","2392 Genesee St, Cheektowaga, NY 14225, United States","+1 (716) 324-3130","tel:+17163243130","-","0","HAS OFFICIAL WEBSITE","http://themattinagroup.com/","https://www.google.com/maps/place/Cheektowaga+Roofing/data=!4m7!3m6!1s0x89d30d2738d00001:0xa46192e42c9b5c87!8m2!3d42.9198728!4d-78.794511!16s%2Fg%2F11rf73dpdm!19sChIJAQDQOCcN04kRh1ybLOSSYaQ?authuser=0&hl=en&g_ep=EgoyMDI2MDkyMy4wIJJjKgBIAVAD&rclk=1","LOW PRIORITY","New Lead"
"321","Sta.Room Chimney repairs & Chimney inspection Buffalo, New York","Utility contractor","375 Seventh St, Buffalo, NY 14201, United States","+1 (315) 544-4088","tel:+13155444088","5.0","0","NO WEBSITE (GOLDEN LEAD 🔥)","-","https://www.google.com/maps/place/Sta.Room+Chimney+repairs+%26+Chimney+inspection+Buffalo,+New+York/data=!4m7!3m6!1s0x89d313adc23cb4e7:0x7402c8250737a9f5!8m2!3d42.895832!4d-78.8883267!16s%2Fg%2F1thsgxm3!19sChIJ57Q8wq0T04kR9ak3ByXIAnQ?authuser=0&hl=en&g_ep=EgoyMDI2MDkyMy4wIJJjKgBIAVAD&rclk=1","HIGH PRIORITY 🎯","New Lead"
"322","SRS Building Products","Roofing supply store","1 Bud Mil Dr, Buffalo, NY 14206, United States","+1 (716) 853-2600","tel:+17168532600","4.4","0","HAS OFFICIAL WEBSITE","https://www.srsdistribution.com/en/markets/our-brands/BLBUF/","https://www.google.com/maps/place/SRS+Building+Products/data=!4m7!3m6!1s0x89d30d97bc1b87b3:0xe9073352d8cf70ea!8m2!3d42.8860266!4d-78.8172422!16s%2Fg%2F1tdg45w2!19sChIJs4cbvJcN04kR6nDP2FIzB-k?authuser=0&hl=en&g_ep=EgoyMDI2MDkyMy4wIJJjKgBIAVAD&rclk=1","LOW PRIORITY","New Lead"
"323","Riff Co. Renovations","General contractor","Buffalo, NY","+1 (716) 912-0635","tel:+17169120635","4.6","0","HAS OFFICIAL WEBSITE","https://www.riffcorenovations.com/","https://www.google.com/maps/place/Riff+Co.+Renovations/data=!4m7!3m6!1s0x89d372c14b4aca1b:0x156e2a93e240649a!8m2!3d42.945447!4d-78.8002515!16s%2Fg%2F11ckxw5jpg!19sChIJG8pKS8Fy04kRmmRA4pMqbhU?authuser=0&hl=en&g_ep=EgoyMDI2MDkyMy4wIJJjKgBIAVAD&rclk=1","LOW PRIORITY","New Lead"
"324","Four Winds Chimney","Chimney services","50 Fountain Plz #1400, Buffalo, NY 14202, United States","+1 (716) 202-9522","tel:+17162029522","5.0","0","HAS OFFICIAL WEBSITE","https://fourwindschimney.com/","https://www.google.com/maps/place/Four+Winds+Chimney/data=!4m7!3m6!1s0x89d3136bc8956e47:0x76a139c13ecfe6e9!8m2!3d42.8898193!4d-78.8738661!16s%2Fg%2F11wvct_ypg!19sChIJR26VyGsT04kR6ebPPsE5oXY?authuser=0&hl=en&g_ep=EgoyMDI2MDkyMy4wIJJjKgBIAVAD&rclk=1","LOW PRIORITY","New Lead"
"325","Buffalo Plumbing","Plumber","3172 Main St, Buffalo, NY 14214, United States","+1 (716) 302-0466","tel:+17163020466","5.0","0","HAS OFFICIAL WEBSITE","http://buffaloplumbing.com/","https://www.google.com/maps/place/Buffalo+Plumbing/data=!4m7!3m6!1s0x89d3733d1053f931:0x9a59b5f1d23e8f30!8m2!3d42.9509544!4d-78.8265669!16s%2Fg%2F11z1rw5l_7!19sChIJMflTED1z04kRMI8-0vG1WZo?authuser=0&hl=en&g_ep=EgoyMDI2MDkyMy4wIJJjKgBIAVAD&rclk=1","LOW PRIORITY","New Lead"
"326","Paul E Vogel Plumbing & Heating Inc","Plumber","2286 South Park Ave, Buffalo, NY 14220, United States","+1 (716) 823-0968","tel:+17168230968","4.6","0","NO WEBSITE (GOLDEN LEAD 🔥)","-","https://www.google.com/maps/place/Paul+E+Vogel+Plumbing+%26+Heating+Inc/data=!4m7!3m6!1s0x89d30c2e340fdec1:0xa4e15d03a55c83bc!8m2!3d42.8362354!4d-78.8235219!16s%2Fg%2F1tvr_q06!19sChIJwd4PNC4M04kRvINcpQNd4aQ?authuser=0&hl=en&g_ep=EgoyMDI2MDkyMy4wIJJjKgBIAVAD&rclk=1","HIGH PRIORITY 🎯","New Lead"
"327","Jim Ando Plumbing","Plumber","4534 Clinton St Building 3, West Seneca, NY 14224, United States","+1 (716) 325-4857","tel:+17163254857","4.8","0","HAS OFFICIAL WEBSITE","https://www.andoplumbing.com/","https://www.google.com/maps/place/Jim+Ando+Plumbing/data=!4m7!3m6!1s0x89d30bc567c8eee9:0xc1fe35e0dad23e7a!8m2!3d42.85902!4d-78.7140491!16s%2Fg%2F11bytx7km2!19sChIJ6e7IZ8UL04kRej7S2uA1_sE?authuser=0&hl=en&g_ep=EgoyMDI2MDkyMy4wIJJjKgBIAVAD&rclk=1","LOW PRIORITY","New Lead"
"328","Sewer pro plumbing","Plumber","Buffalo, NY","+1 (716) 550-0661","tel:+17165500661","5.0","0","HAS OFFICIAL WEBSITE","http://emergencyplumberwny.com/","https://www.google.com/maps/place/Sewer+pro+plumbing/data=!4m7!3m6!1s0x865e584e933f45b7:0xda18c7223f84e1f0!8m2!3d43.1267044!4d-78.8305414!16s%2Fg%2F11w1qb_xrd!19sChIJt0U_k05YXoYR8OGEPyLHGNo?authuser=0&hl=en&g_ep=EgoyMDI2MDkyMy4wIJJjKgBIAVAD&rclk=1","LOW PRIORITY","New Lead"
"329","T-Mark Plumbing, Heating, Cooling & Electric - West Seneca","HVAC contractor","4114 Seneca St, West Seneca, NY 14224, United States","+1 (716) 675-3419","tel:+17166753419","4.9","0","HAS OFFICIAL WEBSITE","https://t-markplumbing.com/?utm_source=google&utm_medium=organic&utm_campaign=GBP&utm_content=westsenenca","https://www.google.com/maps/place/T-Mark+Plumbing,+Heating,+Cooling+%26+Electric+-+West+Seneca/data=!4m7!3m6!1s0x89d30fce71c533fd:0xd04e7a801094c8a1!8m2!3d42.830918!4d-78.750794!16s%2Fg%2F11jdrhldlf!19sChIJ_TPFcc4P04kRociUEIB6TtA?authuser=0&hl=en&g_ep=EgoyMDI2MDkyMy4wIJJjKgBIAVAD&rclk=1","LOW PRIORITY","New Lead"
"330","Roy's Plumbing, Heating, Cooling & Electrical","Air conditioning contractor","140 Cooper Ave, Tonawanda, NY 14150, United States","+1 (716) 356-3071","tel:+17163563071","4.8","0","HAS OFFICIAL WEBSITE","https://www.justcallroys.com/?utm_source=google&utm_medium=gbp&se_campaign=Ferocious%20GBP","https://www.google.com/maps/place/Roy%27s+Plumbing,+Heating,+Cooling+%26+Electrical/data=!4m7!3m6!1s0x89d36daf1c0acf63:0x7ac2680d412bdc53!8m2!3d42.984515!4d-78.9099203!16s%2Fg%2F1v3gsw_z!19sChIJY88KHK9t04kRU9wrQQ1owno?authuser=0&hl=en&g_ep=EgoyMDI2MDkyMy4wIJJjKgBIAVAD&rclk=1","LOW PRIORITY","New Lead"
"331","Cheektowaga Plumbers","Plumber","Buffalo, NY","+1 (716) 671-3217","tel:+17166713217","4.5","0","HAS OFFICIAL WEBSITE","http://www.cheektowaga-plumbers.com/","https://www.google.com/maps/place/Cheektowaga+Plumbers/data=!4m7!3m6!1s0x25c830ef61d4eff1:0xc81a18f97e034192!8m2!3d42.8851585!4d-78.8152784!16s%2Fg%2F11rwp_w9wg!19sChIJ8e_UYe8wyCURkkEDfvkYGsg?authuser=0&hl=en&g_ep=EgoyMDI2MDkyMy4wIJJjKgBIAVAD&rclk=1","LOW PRIORITY","New Lead"
"332","Frank's Mr. Plumber","Plumber","2080 Military Rd, Tonawanda, NY 14150, United States","+1 (716) 766-2056","tel:+17167662056","4.8","0","HAS OFFICIAL WEBSITE","https://www.callmrplumber.com/","https://www.google.com/maps/place/Frank%27s+Mr.+Plumber/data=!4m7!3m6!1s0x89d36c455e34f0ff:0xbc049bdcb905645f!8m2!3d42.9936192!4d-78.8848956!16s%2Fg%2F1tgvfm39!19sChIJ__A0XkVs04kRX2QFudybBLw?authuser=0&hl=en&g_ep=EgoyMDI2MDkyMy4wIJJjKgBIAVAD&rclk=1","LOW PRIORITY","New Lead"
"333","Hertel Plumbing & Heating Co., Inc.","Plumber","250 Ramsdell Ave, Buffalo, NY 14216, United States","+1 (716) 875-3900","tel:+17168753900","4.1","0","HAS OFFICIAL WEBSITE","http://www.hertelplumbing.com/","https://www.google.com/maps/place/Hertel+Plumbing+%26+Heating+Co.,+Inc./data=!4m7!3m6!1s0x89d36d37d65a658d:0x544f45383b8f017b!8m2!3d42.9574484!4d-78.8801211!16s%2Fg%2F1tdq_pyj!19sChIJjWVa1jdt04kRewGPOzhFT1Q?authuser=0&hl=en&g_ep=EgoyMDI2MDkyMy4wIJJjKgBIAVAD&rclk=1","LOW PRIORITY","New Lead"
"334","Larry & Janine's Plumbing & Repairs, Inc.","Plumber","853 Mineral Springs Rd, Buffalo, NY 14224, United States","+1 (716) 675-0040","tel:+17166750040","4.3","0","SOCIAL/DIRECTORY ONLY (GOLDEN LEAD 🔥)","https://www.facebook.com/LarryThePlumber4u/","https://www.google.com/maps/place/Larry+%26+Janine%27s+Plumbing+%26+Repairs,+Inc./data=!4m7!3m6!1s0x89d30eaa1a3a9cfb:0xb08805d2e92c2ed1!8m2!3d42.8633758!4d-78.7837296!16s%2Fg%2F1tdzgzp5!19sChIJ-5w6GqoO04kR0S4s6dIFiLA?authuser=0&hl=en&g_ep=EgoyMDI2MDkyMy4wIJJjKgBIAVAD&rclk=1","HIGH PRIORITY 🎯","New Lead"
"335","Musso Plumbing & Heating, Inc","Plumber","8574 Sheridan Dr, Buffalo, NY 14221, United States","+1 (716) 630-0012","tel:+17166300012","4.3","0","HAS OFFICIAL WEBSITE","http://www.gomusso.com/?utm_source=GMB&utm_medium=organic&utm_campaign=williamsville","https://www.google.com/maps/place/Musso+Plumbing+%26+Heating,+Inc/data=!4m7!3m6!1s0x89d375934d7d9b89:0x45930842e99c3e27!8m2!3d42.9785205!4d-78.674246!16s%2Fg%2F1tcz997_!19sChIJiZt9TZN104kRJz6c6UIIk0U?authuser=0&hl=en&g_ep=EgoyMDI2MDkyMy4wIJJjKgBIAVAD&rclk=1","LOW PRIORITY","New Lead"
"336","D & S Plumbing Inc.","Plumber","91 S Century Rd Rear, Buffalo, NY 14215, United States","+1 (716) 727-9081","tel:+17167279081","-","0","NO WEBSITE (GOLDEN LEAD 🔥)","-","https://www.google.com/maps/place/D+%26+S+Plumbing+Inc./data=!4m7!3m6!1s0x89d37391f39c4421:0x2f28e6757d135cf6!8m2!3d42.9437784!4d-78.794834!16s%2Fg%2F11k5l11qjg!19sChIJIUSc85Fz04kR9lwTfXXmKC8?authuser=0&hl=en&g_ep=EgoyMDI2MDkyMy4wIJJjKgBIAVAD&rclk=1","HIGH PRIORITY 🎯","New Lead"
"337","Seneca Plumbing and Heating Service and Installation","Plumber","Buffalo, NY","+1 (716) 852-4744","tel:+17168524744","4.3","0","HAS OFFICIAL WEBSITE","http://www.senecaplumbing.com/","https://www.google.com/maps/place/Seneca+Plumbing+and+Heating+Service+and+Installation/data=!4m7!3m6!1s0x89d3741073b74a65:0x25c067d403208d9b!8m2!3d42.9177784!4d-78.7954325!16s%2Fg%2F1v_z9wtc!19sChIJZUq3cxB004kRm40gA9RnwCU?authuser=0&hl=en&g_ep=EgoyMDI2MDkyMy4wIJJjKgBIAVAD&rclk=1","LOW PRIORITY","New Lead"
"338","M Purtill Plumbing","Plumber","3959 N Buffalo St, Orchard Park, NY 14127, United States","+1 (716) 662-1678","tel:+17166621678","4.8","0","HAS OFFICIAL WEBSITE","https://purtillplumbing.com/","https://www.google.com/maps/place/M+Purtill+Plumbing/data=!4m7!3m6!1s0x89d308aa8d0a2497:0x9273f336b89afd5b!8m2!3d42.775707!4d-78.7447749!16s%2Fg%2F1w4vkxp4!19sChIJlyQKjaoI04kRW_2auDbzc5I?authuser=0&hl=en&g_ep=EgoyMDI2MDkyMy4wIJJjKgBIAVAD&rclk=1","LOW PRIORITY","New Lead"
"339","Simon Plumbing","Plumber","Buffalo, NY","+1 (716) 370-9554","tel:+17163709554","4.9","0","HAS OFFICIAL WEBSITE","http://www.simonplumbingny.com/","https://www.google.com/maps/place/Simon+Plumbing/data=!4m7!3m6!1s0x89d36e57d7b05e17:0xf622637beef192de!8m2!3d43.0345724!4d-78.8855275!16s%2Fg%2F11f578npqt!19sChIJF16w11du04kR3pLx7ntjIvY?authuser=0&hl=en&g_ep=EgoyMDI2MDkyMy4wIJJjKgBIAVAD&rclk=1","LOW PRIORITY","New Lead"
"340","WNY Rooter and Plumbing","Plumber","Buffalo, NY","+1 (716) 333-0042","tel:+17163330042","5.0","0","HAS OFFICIAL WEBSITE","https://wnyrooterandplumbing.com/?fbclid=IwZXh0bgNhZW0CMTEAAR1IyR_jL2ov3HXpHPfiTBsE322SUSYa8pFjWU30nw-b9y6VCgYFZgPpEYw_aem_XhO0M5MFtJpheQPauqRnGw","https://www.google.com/maps/place/WNY+Rooter+and+Plumbing/data=!4m7!3m6!1s0x807045242ecb0201:0xddb25d037e5300dc!8m2!3d42.9254695!4d-78.7965974!16s%2Fg%2F11x27y5fjx!19sChIJAQLLLiRFcIAR3ABTfgNdst0?authuser=0&hl=en&g_ep=EgoyMDI2MDkyMy4wIJJjKgBIAVAD&rclk=1","LOW PRIORITY","New Lead"
"341","Jeffrey Plumbing","Plumber","743 Longmeadow Rd, Amherst, NY 14226, United States","+1 (716) 444-2068","tel:+17164442068","4.9","0","HAS OFFICIAL WEBSITE","http://jeffreyplumbing.com/","https://www.google.com/maps/place/Jeffrey+Plumbing/data=!4m7!3m6!1s0x89d372ff83705c53:0xcdae8382741a40c2!8m2!3d42.9714923!4d-78.7954896!16s%2Fg%2F11f3w9dgcl!19sChIJU1xwg_9y04kRwkAadIKDrs0?authuser=0&hl=en&g_ep=EgoyMDI2MDkyMy4wIJJjKgBIAVAD&rclk=1","LOW PRIORITY","New Lead"
"342","Gideon's Plumbing","Plumber","4182 S Taylor Rd, Orchard Park, NY 14127, United States","+1 (716) 491-2892","tel:+17164912892","5.0","0","HAS OFFICIAL WEBSITE","https://www.gideonsplumbing.com/","https://www.google.com/maps/place/Gideon%27s+Plumbing/data=!4m7!3m6!1s0x89d305612ff8cda7:0x15adb5ca2d9d098a!8m2!3d42.7694652!4d-78.7647217!16s%2Fg%2F11wv6zdnnx!19sChIJp834L2EF04kRigmdLcq1rRU?authuser=0&hl=en&g_ep=EgoyMDI2MDkyMy4wIJJjKgBIAVAD&rclk=1","LOW PRIORITY","New Lead"
"343","PBM Plumbing Co.","Plumber","Buffalo, NY","+1 (716) 472-3364","tel:+17164723364","5.0","0","HAS OFFICIAL WEBSITE","https://pbmplumbingco.com/","https://www.google.com/maps/place/PBM+Plumbing+Co./data=!4m7!3m6!1s0x89d36d2411d39e41:0x1c33db46065ce7d7!8m2!3d42.8980955!4d-78.718828!16s%2Fg%2F11gj0v13hq!19sChIJQZ7TESRt04kR1-dcBkbbMxw?authuser=0&hl=en&g_ep=EgoyMDI2MDkyMy4wIJJjKgBIAVAD&rclk=1","LOW PRIORITY","New Lead"
"344","WNY Plumbing","Plumber","4425 Walden Ave, Lancaster, NY 14086, United States","+1 (716) 683-5455","tel:+17166835455","4.9","0","HAS OFFICIAL WEBSITE","https://wnyplumbing.com/?utm_source=google&utm_medium=organic&utm_campaign=gbp","https://www.google.com/maps/place/WNY+Plumbing/data=!4m7!3m6!1s0x89d3a014249896df:0xe1b2eec979cb0fdd!8m2!3d42.9259293!4d-78.6037809!16s%2Fg%2F1td340m8!19sChIJ35aYJBSg04kR3Q_LecnusuE?authuser=0&hl=en&g_ep=EgoyMDI2MDkyMy4wIJJjKgBIAVAD&rclk=1","LOW PRIORITY","New Lead"
"345","Capital Heating, Cooling, Plumbing, & Electric","HVAC contractor","2975 Walden Ave, Depew, NY 14043, United States","+1 (716) 683-7336","tel:+17166837336","4.8","0","HAS OFFICIAL WEBSITE","http://capitalheat.com/","https://www.google.com/maps/place/Capital+Heating,+Cooling,+Plumbing,+%26+Electric/data=!4m7!3m6!1s0x89d30b3fecd0026d:0xd18d360e63243859!8m2!3d42.908427!4d-78.724034!16s%2Fg%2F1tks78y6!19sChIJbQLQ7D8L04kRWTgkYw42jdE?authuser=0&hl=en&g_ep=EgoyMDI2MDkyMy4wIJJjKgBIAVAD&rclk=1","LOW PRIORITY","New Lead"
"346","Heinz Maier Plumbing, Inc.","Plumber","664 Oliver St, North Tonawanda, NY 14120, United States","+1 (716) 320-1953","tel:+17163201953","5.0","0","HAS OFFICIAL WEBSITE","https://www.heinzmaierplumbing.com/","https://www.google.com/maps/place/Heinz+Maier+Plumbing,+Inc./data=!4m7!3m6!1s0x89d36f7cf399d2a3:0xab22ecdacc71024e!8m2!3d43.0400312!4d-78.8805237!16s%2Fg%2F11zkq_915l!19sChIJo9KZ83xv04kRTgJxzNrsIqs?authuser=0&hl=en&g_ep=EgoyMDI2MDkyMy4wIJJjKgBIAVAD&rclk=1","LOW PRIORITY","New Lead"
"347","Plumbing Repair","Plumber","683 Northland Ave, Buffalo, NY 14211, United States","+1 (716) 221-2020","tel:+17162212020","-","0","HAS OFFICIAL WEBSITE","http://www.plumberbuffalony.com/contact-us","https://www.google.com/maps/place/Plumbing+Repair/data=!4m7!3m6!1s0x89d30d6077ff8289:0xa40b76a3639a1227!8m2!3d42.918285!4d-78.836143!16s%2Fg%2F11c58p_w_g!19sChIJiYL_d2AN04kRJxKaY6N2C6Q?authuser=0&hl=en&g_ep=EgoyMDI2MDkyMy4wIJJjKgBIAVAD&rclk=1","LOW PRIORITY","New Lead"
"348","The Plumber Heating & Cooling","Plumber","6523 S Transit Rd, Lockport, NY 14094, United States","+1 (716) 894-4382","tel:+17168944382","4.6","0","HAS OFFICIAL WEBSITE","https://www.theplumberheatingandcooling.com/?utm_campaign=gmb","https://www.google.com/maps/place/The+Plumber+Heating+%26+Cooling/data=!4m7!3m6!1s0x89d37939947c352b:0x2c67ba136cc9e545!8m2!3d43.1119649!4d-78.6962207!16s%2Fg%2F11nnp_pbv4!19sChIJKzV8lDl504kRReXJbBO6Zyw?authuser=0&hl=en&g_ep=EgoyMDI2MDkyMy4wIJJjKgBIAVAD&rclk=1","LOW PRIORITY","New Lead"
"349","S S Electric Repair Shop Inc","Electric motor repair shop","2470 Seneca St, Buffalo, NY 14210, United States","+1 (716) 823-1232","tel:+17168231232","4.9","0","HAS OFFICIAL WEBSITE","http://www.s-selectric.com/about_us","https://www.google.com/maps/place/S+S+Electric+Repair+Shop+Inc/data=!4m7!3m6!1s0x89d30e64b43a9741:0xf8fcf29cb7d6af58!8m2!3d42.8470766!4d-78.7998499!16s%2Fg%2F1xgzcs0q!19sChIJQZc6tGQO04kRWK_Wt5zy_Pg?authuser=0&hl=en&g_ep=EgoyMDI2MDkyMy4wIJJjKgBIAVAD&rclk=1","LOW PRIORITY","New Lead"
"350","Blue Cord Plumbing and HVAC Inc.","Plumber","Buffalo, NY","+1 (716) 912-0643","tel:+17169120643","5.0","0","NO WEBSITE (GOLDEN LEAD 🔥)","-","https://www.google.com/maps/place/Blue+Cord+Plumbing+and+HVAC+Inc./data=!4m7!3m6!1s0x89d305287c3957ef:0xd7cf7ee731238f49!8m2!3d42.7919665!4d-78.7786755!16s%2Fg%2F11kgzj56l6!19sChIJ71c5fCgF04kRSY8jMed-z9c?authuser=0&hl=en&g_ep=EgoyMDI2MDkyMy4wIJJjKgBIAVAD&rclk=1","HIGH PRIORITY 🎯","New Lead"
"351","All Pro Plumbing, LLC","Drainage service","Buffalo, NY","+1 (716) 825-7767","tel:+17168257767","5.0","0","HAS OFFICIAL WEBSITE","https://allproplumbing716.com/","https://www.google.com/maps/place/All+Pro+Plumbing,+LLC/data=!4m7!3m6!1s0x8543042c52a927a5:0x8209058442274b5e!8m2!3d42.768351!4d-78.8862675!16s%2Fg%2F11vymtx6sl!19sChIJpSepUiwEQ4URXksnQoQFCYI?authuser=0&hl=en&g_ep=EgoyMDI2MDkyMy4wIJJjKgBIAVAD&rclk=1","LOW PRIORITY","New Lead"
"352","Ed Young's Plumbing","Plumber","5641 Main St #2, Williamsville, NY 14221, United States","+1 (716) 632-3150","tel:+17166323150","4.2","0","HAS OFFICIAL WEBSITE","https://shop.edyoungs.com/pages/inHome.html","https://www.google.com/maps/place/Ed+Young%27s+Plumbing/data=!4m7!3m6!1s0x89d3754137eb815b:0x6c2265960a577237!8m2!3d42.9621659!4d-78.7427499!16s%2Fg%2F11g2wr6x2z!19sChIJW4HrN0F104kRN3JXCpZlImw?authuser=0&hl=en&g_ep=EgoyMDI2MDkyMy4wIJJjKgBIAVAD&rclk=1","LOW PRIORITY","New Lead"
"353","JR Swanson Plumbing","Plumber","413 103rd St, Niagara Falls, NY 14304, United States","+1 (716) 283-3802","tel:+17162833802","4.5","0","HAS OFFICIAL WEBSITE","https://www.jrswanson.com/?utm_source=gmb&utm_medium=organic&utm_campaign=GBP_Visit","https://www.google.com/maps/place/JR+Swanson+Plumbing/data=!4m7!3m6!1s0x89d368c4e517b23f:0xef29067702e1601a!8m2!3d43.074768!4d-78.943463!16s%2Fg%2F1tqygh6c!19sChIJP7IX5cRo04kRGmDhAncGKe8?authuser=0&hl=en&g_ep=EgoyMDI2MDkyMy4wIJJjKgBIAVAD&rclk=1","LOW PRIORITY","New Lead"
"354","Benzinger Plumbing & Heating","Plumber","4238 S Taylor Rd, Orchard Park, NY 14127, United States","+1 (716) 667-9273","tel:+17166679273","4.1","0","NO WEBSITE (GOLDEN LEAD 🔥)","-","https://www.google.com/maps/place/Benzinger+Plumbing+%26+Heating/data=!4m7!3m6!1s0x89d305f19544d4ff:0xe011604ca6abaafc!8m2!3d42.7679393!4d-78.7633994!16s%2Fg%2F1tdph5gc!19sChIJ_9RElfEF04kR_KqrpkxgEeA?authuser=0&hl=en&g_ep=EgoyMDI2MDkyMy4wIJJjKgBIAVAD&rclk=1","HIGH PRIORITY 🎯","New Lead"
"355","Schuele Ace Hardware & Paint","Hardware store","920 Abbott Rd, Buffalo, NY 14220, United States","+1 (716) 331-3142","tel:+17163313142","4.6","0","HAS OFFICIAL WEBSITE","https://www.acehardware.com/store-details/16866","https://www.google.com/maps/place/Schuele+Ace+Hardware+%26+Paint/data=!4m7!3m6!1s0x89d30fc2805282b7:0x7ed0e990e101f71f!8m2!3d42.8394185!4d-78.8077061!16s%2Fg%2F11ghsdh46c!19sChIJt4JSgMIP04kRH_cB4ZDp0H4?authuser=0&hl=en&g_ep=EgoyMDI2MDkyMy4wIJJjKgBIAVAD&rclk=1","LOW PRIORITY","New Lead"
"356","JR’s Reliable Plumbing","Plumber","Buffalo, NY","+1 (289) 231-5441","tel:+12892315441","5.0","0","NO WEBSITE (GOLDEN LEAD 🔥)","-","https://www.google.com/maps/place/JR%E2%80%99s+Reliable+Plumbing/data=!4m7!3m6!1s0xaf6f330df0ab8e13:0xc77650ec1fd50f82!8m2!3d43.0402267!4d-79.1145299!16s%2Fg%2F11nr3bbtx_!19sChIJE46r8A0zb68Rgg_VH-xQdsc?authuser=0&hl=en&g_ep=EgoyMDI2MDkyMy4wIJJjKgBIAVAD&rclk=1","HIGH PRIORITY 🎯","New Lead"
"357","Integrity WaterProofing and Plumbing","Plumber","Buffalo, NY","+1 (716) 361-9036","tel:+17163619036","5.0","0","NO WEBSITE (GOLDEN LEAD 🔥)","-","https://www.google.com/maps/place/Integrity+WaterProofing+and+Plumbing/data=!4m7!3m6!1s0x69da2999e5367c73:0xf66ab71e884e2d35!8m2!3d42.945447!4d-78.8152784!16s%2Fg%2F11rwp7r2pb!19sChIJc3w25Zkp2mkRNS1OiB63avY?authuser=0&hl=en&g_ep=EgoyMDI2MDkyMy4wIJJjKgBIAVAD&rclk=1","HIGH PRIORITY 🎯","New Lead"
"358","Patton Plumbing","Plumber","Buffalo, NY","+1 (716) 825-4900","tel:+17168254900","3.4","0","NO WEBSITE (GOLDEN LEAD 🔥)","-","https://www.google.com/maps/place/Patton+Plumbing/data=!4m7!3m6!1s0x89d30e120a53ccc1:0xcb5b16218b8be8aa!8m2!3d42.9064155!4d-78.677827!16s%2Fg%2F1tgmx7y5!19sChIJwcxTChIO04kRquiLiyEWW8s?authuser=0&hl=en&g_ep=EgoyMDI2MDkyMy4wIJJjKgBIAVAD&rclk=1","HIGH PRIORITY 🎯","New Lead"
"359","Shotwell Plumbing, LLC","Plumber","1035 Englewood Ave, Buffalo, NY 14223, United States","+1 (716) 877-1457","tel:+17168771457","4.9","0","HAS OFFICIAL WEBSITE","https://shotwellplumbing.com/","https://www.google.com/maps/place/Shotwell+Plumbing,+LLC/data=!4m7!3m6!1s0x89d36d70d7219477:0x1dfe53a12e02d840!8m2!3d42.9723185!4d-78.8520596!16s%2Fg%2F1tdl2j_4!19sChIJd5Qh13Bt04kRQNgCLqFT_h0?authuser=0&hl=en&g_ep=EgoyMDI2MDkyMy4wIJJjKgBIAVAD&rclk=1","LOW PRIORITY","New Lead"
"360","AB & N Plumbing","Plumber","251 Fayette Ave, Buffalo, NY 14223, United States","+1 (716) 221-0330","tel:+17162210330","4.7","0","HAS OFFICIAL WEBSITE","https://cellinoplumbing.com/abandnplumbing/","https://www.google.com/maps/place/AB+%26+N+Plumbing/data=!4m7!3m6!1s0x89d36d65047d0aa7:0xb2f32559f64cb670!8m2!3d42.9655532!4d-78.8471461!16s%2Fg%2F1tg_y1w7!19sChIJpwp9BGVt04kRcLZM9lkl87I?authuser=0&hl=en&g_ep=EgoyMDI2MDkyMy4wIJJjKgBIAVAD&rclk=1","LOW PRIORITY","New Lead"
"361","Lorka Plumbing Supplies","Plumbing supply store","1022 Walden Ave, Buffalo, NY 14211, United States","+1 (716) 896-8150","tel:+17168968150","4.9","0","NO WEBSITE (GOLDEN LEAD 🔥)","-","https://www.google.com/maps/place/Lorka+Plumbing+Supplies/data=!4m7!3m6!1s0x89d30d1c85bb458d:0x896220ed9cd130!8m2!3d42.9070667!4d-78.7981412!16s%2Fg%2F1tj3m1kj!19sChIJjUW7hRwN04kRMNGc7SBiiQA?authuser=0&hl=en&g_ep=EgoyMDI2MDkyMy4wIJJjKgBIAVAD&rclk=1","HIGH PRIORITY 🎯","New Lead"
"362","Kevin's Plumbing","Plumber","2210 William St, Buffalo, NY 14206, United States","+1 (716) 868-9818","tel:+17168689818","5.0","0","HAS OFFICIAL WEBSITE","https://www.kevinsplumbingwny.com/","https://www.google.com/maps/place/Kevin%27s+Plumbing/data=!4m7!3m6!1s0x89d30d1cfb0e9f67:0x9c14b719aa3728a9!8m2!3d42.8846953!4d-78.7888878!16s%2Fg%2F11lp7tvlts!19sChIJZ58O-xwN04kRqSg3qhm3FJw?authuser=0&hl=en&g_ep=EgoyMDI2MDkyMy4wIJJjKgBIAVAD&rclk=1","LOW PRIORITY","New Lead"
"363","Mutual Plumbing Heating","Plumber","1233 Niagara St Apt 1, Buffalo, NY 14213, United States","-","-","-","0","NO WEBSITE (GOLDEN LEAD 🔥)","-","https://www.google.com/maps/place/Mutual+Plumbing+Heating/data=!4m7!3m6!1s0x89d313110b1ed961:0xbe733ce629159cce!8m2!3d42.9175472!4d-78.8989165!16s%2Fg%2F11nym5fhm7!19sChIJYdkeCxET04kRzpwVKeY8c74?authuser=0&hl=en&g_ep=EgoyMDI2MDkyMy4wIJJjKgBIAVAD&rclk=1","HIGH PRIORITY 🎯","New Lead"
"364","Osinski's Plumbing Inc","Plumber","246 Fillmore Ave, Buffalo, NY 14206, United States","+1 (716) 852-6990","tel:+17168526990","2.7","0","NO WEBSITE (GOLDEN LEAD 🔥)","-","https://www.google.com/maps/place/Osinski%27s+Plumbing+Inc/data=!4m7!3m6!1s0x89d3120ab43b63c5:0xc213c42d5264bfac!8m2!3d42.8798407!4d-78.8394369!16s%2Fg%2F1tnbm38s!19sChIJxWM7tAoS04kRrL9kUi3EE8I?authuser=0&hl=en&g_ep=EgoyMDI2MDkyMy4wIJJjKgBIAVAD&rclk=1","HIGH PRIORITY 🎯","New Lead"
"365","W C Roberson Plumbing & Construction","Plumber","602 E Delavan Ave, Buffalo, NY 14211, United States","+1 (716) 892-5052","tel:+17168925052","-","0","NO WEBSITE (GOLDEN LEAD 🔥)","-","https://www.google.com/maps/place/W+C+Roberson+Plumbing+%26+Construction/data=!4m7!3m6!1s0x89d30d5edb5d0a39:0xe5ea2675a2a0752!8m2!3d42.9220983!4d-78.8347868!16s%2Fg%2F1tdx0j9x!19sChIJOQpd214N04kRUgcqWmeiXg4?authuser=0&hl=en&g_ep=EgoyMDI2MDkyMy4wIJJjKgBIAVAD&rclk=1","HIGH PRIORITY 🎯","New Lead"
"366","Rainbow Plumbing","Plumber","230 Sanders Rd, Buffalo, NY 14216, United States","+1 (716) 876-7610","tel:+17168767610","4.6","0","HAS OFFICIAL WEBSITE","https://www.rainbowplumbing.net/","https://www.google.com/maps/place/Rainbow+Plumbing/data=!4m7!3m6!1s0x89d36d407873cdbf:0x71b22fff993cf650!8m2!3d42.9572606!4d-78.8609094!16s%2Fg%2F1th7zb34!19sChIJv81zeEBt04kRUPY8mf8vsnE?authuser=0&hl=en&g_ep=EgoyMDI2MDkyMy4wIJJjKgBIAVAD&rclk=1","LOW PRIORITY","New Lead"
"367","Schaefer Plumbing Supply Co","Plumbing supply store","146 Clinton St, Buffalo, NY 14203, United States","+1 (716) 853-2406","tel:+17168532406","4.4","0","HAS OFFICIAL WEBSITE","http://www.schaefersupply.com/","https://www.google.com/maps/place/Schaefer+Plumbing+Supply+Co/data=!4m7!3m6!1s0x89d312470e690f13:0xa7eb4fcb1003b04c!8m2!3d42.8847646!4d-78.8686519!16s%2Fg%2F1vvdw5yn!19sChIJEw9pDkcS04kRTLADEMtP66c?authuser=0&hl=en&g_ep=EgoyMDI2MDkyMy4wIJJjKgBIAVAD&rclk=1","LOW PRIORITY","New Lead"
"368","Lincoln Plumbing & Heating","Plumber","241 Niagara St, Buffalo, NY 14201, United States","+1 (716) 856-9198","tel:+17168569198","-","0","HAS OFFICIAL WEBSITE","http://www.buffaloplumbingheating.com/","https://www.google.com/maps/place/Lincoln+Plumbing+%26+Heating/data=!4m7!3m6!1s0x89d3124cde0c9029:0xb103c166381a7438!8m2!3d42.8912604!4d-78.8823366!16s%2Fg%2F1tg_mm5l!19sChIJKZAM3kwS04kROHQaOGbBA7E?authuser=0&hl=en&g_ep=EgoyMDI2MDkyMy4wIJJjKgBIAVAD&rclk=1","LOW PRIORITY","New Lead"
"369","Buffalo Emergency Plumbing","Plumber","Buffalo, NY","+1 (716) 400-0641","tel:+17164000641","-","0","NO WEBSITE (GOLDEN LEAD 🔥)","-","https://www.google.com/maps/place/Buffalo+Emergency+Plumbing/data=!4m7!3m6!1s0x4742dd9420298d43:0xceeb71abbc13dfa7!8m2!3d42.944568!4d-78.8341685!16s%2Fg%2F11rmwpgmhz!19sChIJQ40pIJTdQkcRp98TvKtx684?authuser=0&hl=en&g_ep=EgoyMDI2MDkyMy4wIJJjKgBIAVAD&rclk=1","HIGH PRIORITY 🎯","New Lead"
"370","RenoTitan Remodeling","Remodeler","50 Fountain Plz Ste 1417, Buffalo, NY 14202, United States","+1 (716) 428-8428","tel:+17164288428","5.0","0","HAS OFFICIAL WEBSITE","https://renotitan.com/","https://www.google.com/maps/place/RenoTitan+Remodeling/data=!4m7!3m6!1s0x89d313b0e2521191:0xa3a8c783f745183a!8m2!3d42.8896274!4d-78.8739449!16s%2Fg%2F11kqt5bq6b!19sChIJkRFS4rAT04kROhhF94PHqKM?authuser=0&hl=en&g_ep=EgoyMDI2MDkyMy4wIJJjKgBIAVAD&rclk=1","LOW PRIORITY","New Lead"
"371","Delta Plumbers of Fort Erie","Plumber","660 Garrison Rd, Fort Erie, ON L2A 6E2, Canada","+1 (365) 360-9460","tel:+13653609460","4.8","0","HAS OFFICIAL WEBSITE","https://deltaplumbersinc.com/fort-erie/?utm_source=gmb&utm_medium=organic&utm_campaign=gmb","https://www.google.com/maps/place/Delta+Plumbers+of+Fort+Erie/data=!4m7!3m6!1s0x89d315a3882d07d9:0xd68033d17ca8fe08!8m2!3d42.9058951!4d-78.9397847!16s%2Fg%2F11w_lwzrmy!19sChIJ2QctiKMV04kRCP6ofNEzgNY?authuser=0&hl=en&g_ep=EgoyMDI2MDkyMy4wIJJjKgBIAVAD&rclk=1","LOW PRIORITY","New Lead"
"372","Simon Plumbing Contractor","Plumber","Buffalo, NY","+1 (716) 222-3027","tel:+17162223027","5.0","0","HAS OFFICIAL WEBSITE","http://www.simonplumbingny.com/","https://www.google.com/maps/place/Simon+Plumbing+Contractor/data=!4m7!3m6!1s0x89d372fa04b3ffff:0x6c280e27a7357ce7!8m2!3d42.9064155!4d-78.7985702!16s%2Fg%2F11ggvtwxpm!19sChIJ__-zBPpy04kR53w1pycOKGw?authuser=0&hl=en&g_ep=EgoyMDI2MDkyMy4wIJJjKgBIAVAD&rclk=1","LOW PRIORITY","New Lead"
"373","Day & Night Plumbing Co., LLC","Plumber","1500 Ridge Rd, West Seneca, NY 14218, United States","+1 (716) 824-4408","tel:+17168244408","4.8","0","HAS OFFICIAL WEBSITE","https://dayandnightplumbing.com/","https://www.google.com/maps/place/Day+%26+Night+Plumbing+Co.,+LLC/data=!4m7!3m6!1s0x89d30e458a6a73d5:0xa926286807c972ba!8m2!3d42.8284808!4d-78.795025!16s%2Fg%2F1hc0vrw7b!19sChIJ1XNqikUO04kRunLJB2goJqk?authuser=0&hl=en&g_ep=EgoyMDI2MDkyMy4wIJJjKgBIAVAD&rclk=1","LOW PRIORITY","New Lead"
"374","Buffalo Plumbing Showroom","Bathroom supply store","600 Bailey Ave, Buffalo, NY 14206, United States","+1 (716) 826-1400","tel:+17168261400","4.4","0","HAS OFFICIAL WEBSITE","http://buffaloplumbingshowroom.com/","https://www.google.com/maps/place/Buffalo+Plumbing+Showroom/data=!4m7!3m6!1s0x89d30de92f84b601:0xf185bcd9b02591e2!8m2!3d42.8715445!4d-78.820724!16s%2Fg%2F1tczrbcx!19sChIJAbaEL-kN04kR4pElsNm8hfE?authuser=0&hl=en&g_ep=EgoyMDI2MDkyMy4wIJJjKgBIAVAD&rclk=1","LOW PRIORITY","New Lead"
"375","Sunset Plumbing & Heating Cheektowaga n.y.","Plumber","38 Chapel Ave, Cheektowaga, NY 14225, United States","+1 (716) 688-4141","tel:+17166884141","4.9","0","HAS OFFICIAL WEBSITE","http://www.sunsetplumbing.com/","https://www.google.com/maps/place/Sunset+Plumbing+%26+Heating+Cheektowaga+n.y./data=!4m7!3m6!1s0x89d30c624ff658c5:0x311eae4b229ce567!8m2!3d42.9252853!4d-78.7526356!16s%2Fg%2F1tff3_zs!19sChIJxVj2T2IM04kRZ-WcIkuuHjE?authuser=0&hl=en&g_ep=EgoyMDI2MDkyMy4wIJJjKgBIAVAD&rclk=1","LOW PRIORITY","New Lead"
"376","Nickel City Electric","Electrician","326 Hinman Ave, Buffalo, NY 14216, United States","+1 (716) 218-8007","tel:+17162188007","5.0","0","HAS OFFICIAL WEBSITE","https://www.nickelcityelectric.com/direct-contact","https://www.google.com/maps/place/Nickel+City+Electric/data=!4m7!3m6!1s0x8c5ee7cedde00045:0xf59efb8a2b11cb22!8m2!3d42.9564577!4d-78.8816656!16s%2Fg%2F11z20w29td!19sChIJRQDg3c7nXowRIssRK4r7nvU?authuser=0&hl=en&g_ep=EgoyMDI2MDkyMy4wIJJjKgBIAVAD&rclk=1","LOW PRIORITY","New Lead"
"377","MJM Electric Construction Inc","Local Business","453 Richmond Ave, Buffalo, NY 14222, United States","+1 (716) 427-6762","tel:+17164276762","5.0","0","HAS OFFICIAL WEBSITE","https://www.mjm-electric.com/contact_us_1","https://www.google.com/maps/place/MJM+Electric+Construction+Inc/data=!4m7!3m6!1s0x89d312e2eec12db1:0x6aa878752cd1b5b8!8m2!3d42.914707!4d-78.8816843!16s%2Fg%2F11fy2g75bf!19sChIJsS3B7uIS04kRuLXRLHV4qGo?authuser=0&hl=en&g_ep=EgoyMDI2MDkyMy4wIJJjKgBIAVAD&rclk=1","LOW PRIORITY","New Lead"
"378","CFW Electric LLC","Local Business","495 Fillmore Ave, Buffalo, NY 14206, United States","+1 (716) 243-1239","tel:+17162431239","4.3","0","HAS OFFICIAL WEBSITE","https://cfwelectricllc.com/contact/","https://www.google.com/maps/place/CFW+Electric+LLC/data=!4m7!3m6!1s0x89d312762fc4b943:0xb2d3eafe3f3d7789!8m2!3d42.8867921!4d-78.8389241!16s%2Fg%2F11wy3xf_bj!19sChIJQ7nEL3YS04kRiXc9P_7q07I?authuser=0&hl=en&g_ep=EgoyMDI2MDkyMy4wIJJjKgBIAVAD&rclk=1","LOW PRIORITY","New Lead"
"379","Driscoll Electric Construction Inc.","Electrician","32 Cypress St, Buffalo, NY 14204, United States","+1 (716) 427-6925","tel:+17164276925","-","0","HAS OFFICIAL WEBSITE","http://www.driscollelectric.com/","https://www.google.com/maps/place/Driscoll+Electric+Construction+Inc./data=!4m7!3m6!1s0x89d31243eec29425:0xf674bb7ac8952d9c!8m2!3d42.8884007!4d-78.8656218!16s%2Fg%2F1w4f92cb!19sChIJJZTC7kMS04kRnC2VyHq7dPY?authuser=0&hl=en&g_ep=EgoyMDI2MDkyMy4wIJJjKgBIAVAD&rclk=1","LOW PRIORITY","New Lead"
"380","Electrical Service & Systems Installation","Electrician","35 Lee St, Buffalo, NY 14210, United States","+1 (716) 242-2126","tel:+17162422126","5.0","0","NO WEBSITE (GOLDEN LEAD 🔥)","-","https://www.google.com/maps/place/Electrical+Service+%26+Systems+Installation/data=!4m7!3m6!1s0x89d312017b134e79:0xd5913f58701176c!8m2!3d42.8643768!4d-78.8432894!16s%2Fg%2F1tkc32gh!19sChIJeU4TewES04kRbBcBh_UTWQ0?authuser=0&hl=en&g_ep=EgoyMDI2MDkyMy4wIJJjKgBIAVAD&rclk=1","HIGH PRIORITY 🎯","New Lead"
"381","Electricians Buffalo NY","Electrician","Buffalo, NY","+1 (716) 203-6219","tel:+17162036219","1.0","0","NO WEBSITE (GOLDEN LEAD 🔥)","-","https://www.google.com/maps/place/Electricians+Buffalo+NY/data=!4m7!3m6!1s0x89d313217c93ab45:0x73785fcd452e5f6e!8m2!3d42.9064155!4d-78.7985702!16s%2Fg%2F11f0k_vkv_!19sChIJRauTfCET04kRbl8uRc1feHM?authuser=0&hl=en&g_ep=EgoyMDI2MDkyMy4wIJJjKgBIAVAD&rclk=1","HIGH PRIORITY 🎯","New Lead"
"382","CJW Electric LLC","Electrician","451 Vermont St, Buffalo, NY 14213, United States","+1 (716) 570-8870","tel:+17165708870","-","0","NO WEBSITE (GOLDEN LEAD 🔥)","-","https://www.google.com/maps/place/CJW+Electric+LLC/data=!4m7!3m6!1s0x89d3139fb77ceea3:0x8bf5a5cdc9e83dd9!8m2!3d42.910229!4d-78.883036!16s%2Fg%2F11hfssfx3h!19sChIJo-58t58T04kR2T3oyc2l9Ys?authuser=0&hl=en&g_ep=EgoyMDI2MDkyMy4wIJJjKgBIAVAD&rclk=1","HIGH PRIORITY 🎯","New Lead"
"383","Torchia Electric LLC","Electrician","Buffalo, NY","+1 (716) 597-4234","tel:+17165974234","5.0","0","HAS OFFICIAL WEBSITE","https://www.torchiaelectric.com/","https://www.google.com/maps/place/Torchia+Electric+LLC/data=!4m7!3m6!1s0x89d36d108e57a047:0x83a3af637c9d60aa!8m2!3d42.8980955!4d-78.8601545!16s%2Fg%2F11xsdlfln2!19sChIJR6BXjhBt04kRqmCdfGOvo4M?authuser=0&hl=en&g_ep=EgoyMDI2MDkyMy4wIJJjKgBIAVAD&rclk=1","LOW PRIORITY","New Lead"
"384","Empire Electric Enterprises LLC","Electrician","50 Island St, North Tonawanda, NY 14120, United States","+1 (716) 634-0330","tel:+17166340330","4.8","0","HAS OFFICIAL WEBSITE","http://empireelectricians.com/","https://www.google.com/maps/place/Empire+Electric+Enterprises+LLC/data=!4m7!3m6!1s0x89d313b2b07e1e35:0x855239b8e556802f!8m2!3d43.0266029!4d-78.8790886!16s%2Fg%2F1vgx1r6j!19sChIJNR5-sLIT04kRL4BW5bg5UoU?authuser=0&hl=en&g_ep=EgoyMDI2MDkyMy4wIJJjKgBIAVAD&rclk=1","LOW PRIORITY","New Lead"
"385","Affordable Electrical Services","Contractor","1509 Clinton St, Buffalo, NY 14206, United States","+1 (716) 463-5005","tel:+17164635005","-","0","NO WEBSITE (GOLDEN LEAD 🔥)","-","https://www.google.com/maps/place/Affordable+Electrical+Services/data=!4m7!3m6!1s0x89d30de9326aaaab:0x5ac3ee51e7c78ca!8m2!3d42.8717767!4d-78.82101!16s%2Fg%2F11rkmty06b!19sChIJq6pqMukN04kRynh8HuU-rAU?authuser=0&hl=en&g_ep=EgoyMDI2MDkyMy4wIJJjKgBIAVAD&rclk=1","HIGH PRIORITY 🎯","New Lead"
"386","Quermback Electric Inc","Electric utility company","215 Genesee St, Buffalo, NY 14203, United States","+1 (716) 856-6644","tel:+17168566644","4.0","0","NO WEBSITE (GOLDEN LEAD 🔥)","-","https://www.google.com/maps/place/Quermback+Electric+Inc/data=!4m7!3m6!1s0x89d3124361c479b1:0xf25b43461df3c24e!8m2!3d42.8908488!4d-78.8665215!16s%2Fg%2F1w0h8h86!19sChIJsXnEYUMS04kRTsLzHUZDW_I?authuser=0&hl=en&g_ep=EgoyMDI2MDkyMy4wIJJjKgBIAVAD&rclk=1","HIGH PRIORITY 🎯","New Lead"
"387","Graefser Electric","Electrician","Buffalo, NY","+1 (716) 382-8668","tel:+17163828668","5.0","0","HAS OFFICIAL WEBSITE","https://graefserelectric.com/","https://www.google.com/maps/place/Graefser+Electric/data=!4m7!3m6!1s0xa8a632da2e46d0ed:0x9381e788dcab12f!8m2!3d42.9515335!4d-78.826224!16s%2Fg%2F11wtkr9kr6!19sChIJ7dBGLtoypqgRL7HKjXgeOAk?authuser=0&hl=en&g_ep=EgoyMDI2MDkyMy4wIJJjKgBIAVAD&rclk=1","LOW PRIORITY","New Lead"
"388","Affordable Electric","Electrician","3231 Harlem Rd, Buffalo, NY 14225, United States","+1 (716) 202-7034","tel:+17162027034","2.7","0","NO WEBSITE (GOLDEN LEAD 🔥)","-","https://www.google.com/maps/place/Affordable+Electric/data=!4m7!3m6!1s0x89d30cd2d2074579:0x57a117e94b91e211!8m2!3d42.9320809!4d-78.78375!16s%2Fg%2F1pp2x651m!19sChIJeUUH0tIM04kREeKRS-kXoVc?authuser=0&hl=en&g_ep=EgoyMDI2MDkyMy4wIJJjKgBIAVAD&rclk=1","HIGH PRIORITY 🎯","New Lead"
"389","North End Electric","Electrician","Buffalo, NY","+1 (716) 587-2323","tel:+17165872323","5.0","0","HAS OFFICIAL WEBSITE","https://www.northendelectric716.com/","https://www.google.com/maps/place/North+End+Electric/data=!4m7!3m6!1s0x8d4b0e4c4812761f:0xf9557635ecd60ccd!8m2!3d42.8785885!4d-78.667608!16s%2Fg%2F11rq9ldftn!19sChIJH3YSSEwOS40RzQzW7DV2Vfk?authuser=0&hl=en&g_ep=EgoyMDI2MDkyMy4wIJJjKgBIAVAD&rclk=1","LOW PRIORITY","New Lead"
"390","TD Electric","Electrician","1711 Union Rd, West Seneca, NY 14224, United States","+1 (716) 935-7776","tel:+17169357776","4.9","0","HAS OFFICIAL WEBSITE","http://tdelectricwny.com/?utm_source=google&utm_medium=organic&utm_campaign=gmb-listing","https://www.google.com/maps/place/TD+Electric/data=!4m7!3m6!1s0x632ffbdffd4a5687:0x1e3fafd8831f4ddb!8m2!3d42.8464634!4d-78.7503218!16s%2Fg%2F11rtdj5hbf!19sChIJh1ZK_d_7L2MR200fg9ivPx4?authuser=0&hl=en&g_ep=EgoyMDI2MDkyMy4wIJJjKgBIAVAD&rclk=1","LOW PRIORITY","New Lead"
"391","Huber Electric, Inc.","Electrician","2080 Military Rd, Tonawanda, NY 14150, United States","+1 (716) 815-3000","tel:+17168153000","4.9","0","HAS OFFICIAL WEBSITE","https://huberelectric.com/","https://www.google.com/maps/place/Huber+Electric,+Inc./data=!4m7!3m6!1s0x89d30e7e7023bab1:0xbb08861dd33c124a!8m2!3d42.9936192!4d-78.8848956!16s%2Fg%2F1tfcjrd3!19sChIJsbojcH4O04kRShI80x2GCLs?authuser=0&hl=en&g_ep=EgoyMDI2MDkyMy4wIJJjKgBIAVAD&rclk=1","LOW PRIORITY","New Lead"
"392","RMH Electric","Electrician","297 Winspear Ave, Buffalo, NY 14215, United States","+1 (716) 308-8395","tel:+17163088395","5.0","0","HAS OFFICIAL WEBSITE","https://usmapol.org/details/rmh-electric-ChIJeam","https://www.google.com/maps/place/RMH+Electric/data=!4m7!3m6!1s0x89d373c2c4afa979:0x5a7550f05c0214f7!8m2!3d42.9487371!4d-78.8155696!16s%2Fg%2F11wjpljnr0!19sChIJeamvxMJz04kR9xQCXPBQdVo?authuser=0&hl=en&g_ep=EgoyMDI2MDkyMy4wIJJjKgBIAVAD&rclk=1","LOW PRIORITY","New Lead"
"393","Blue Collar Electric","Electrician","Buffalo, NY","+1 (716) 394-1731","tel:+17163941731","5.0","0","NO WEBSITE (GOLDEN LEAD 🔥)","-","https://www.google.com/maps/place/Blue+Collar+Electric/data=!4m7!3m6!1s0xa2c1dceaf0b73a3:0x96f16bd22bc0f331!8m2!3d46.423669!4d-129.9427086!16s%2Fg%2F11y5084pdq!19sChIJo3MLr84dLAoRMfPAK9Jr8ZY?authuser=0&hl=en&g_ep=EgoyMDI2MDkyMy4wIJJjKgBIAVAD&rclk=1","HIGH PRIORITY 🎯","New Lead"
"394","Miskow Generators and Electric","Electric generator shop","1899 Thompson Rd, Fort Erie, ON L2A 5M4, Canada","+1 (905) 994-1715","tel:+19059941715","4.9","0","HAS OFFICIAL WEBSITE","http://miskowgenerators.com/","https://www.google.com/maps/place/Miskow+Generators+and+Electric/data=!4m7!3m6!1s0x89d3154b94f6c6b5:0x6e169d5299548400!8m2!3d42.9283777!4d-78.9419025!16s%2Fg%2F11jq8p4pzb!19sChIJtcb2lEsV04kRAIRUmVKdFm4?authuser=0&hl=en&g_ep=EgoyMDI2MDkyMy4wIJJjKgBIAVAD&rclk=1","LOW PRIORITY","New Lead"
"395","Total Electrical Service","Electrician","69 Garnet Rd, Buffalo, NY 14226, United States","+1 (716) 325-5996","tel:+17163255996","5.0","0","HAS OFFICIAL WEBSITE","https://totalelectricalservice.com/","https://www.google.com/maps/place/Total+Electrical+Service/data=!4m7!3m6!1s0x89d373a2e2f896f1:0xe59aa0e1066545a5!8m2!3d42.9758512!4d-78.7964159!16s%2Fg%2F11z3_xjzcw!19sChIJ8Zb44qJz04kRpUVlBuGgmuU?authuser=0&hl=en&g_ep=EgoyMDI2MDkyMy4wIJJjKgBIAVAD&rclk=1","LOW PRIORITY","New Lead"
"396","Zacher Electric","Electrician","30 Leo Pl, Cheektowaga, NY 14225, United States","+1 (716) 839-9000","tel:+17168399000","4.2","0","HAS OFFICIAL WEBSITE","https://www.zacherelectric.com/","https://www.google.com/maps/place/Zacher+Electric/data=!4m7!3m6!1s0x89d37354b1de312f:0x3af3d48e5e857099!8m2!3d42.9298238!4d-78.7525449!16s%2Fg%2F1t_hzzjm!19sChIJLzHesVRz04kRmXCFXo7U8zo?authuser=0&hl=en&g_ep=EgoyMDI2MDkyMy4wIJJjKgBIAVAD&rclk=1","LOW PRIORITY","New Lead"
"397","Zimmerman Electric","Electrician","350 Walden Blvd, Fort Erie, ON L2A 6S9, Canada","+1 (905) 894-4174","tel:+19058944174","5.0","0","HAS OFFICIAL WEBSITE","http://zimmermanelectric.ca/","https://www.google.com/maps/place/Zimmerman+Electric/data=!4m7!3m6!1s0x89d315b8a5e18153:0xe4b1e94b6394f148!8m2!3d42.9080406!4d-78.9282496!16s%2Fg%2F11df245h5w!19sChIJU4HhpbgV04kRSPGUY0vpseQ?authuser=0&hl=en&g_ep=EgoyMDI2MDkyMy4wIJJjKgBIAVAD&rclk=1","LOW PRIORITY","New Lead"
"398","Moore Electric","Electrician","Buffalo, NY","+1 (716) 348-1112","tel:+17163481112","5.0","0","NO WEBSITE (GOLDEN LEAD 🔥)","-","https://www.google.com/maps/place/Moore+Electric/data=!4m7!3m6!1s0xa44b313322bf700f:0x63bde209f27dfaeb!8m2!3d42.8962391!4d-78.864442!16s%2Fg%2F11sbpz9n9q!19sChIJD3C_IjMxS6QR6_p98gnivWM?authuser=0&hl=en&g_ep=EgoyMDI2MDkyMy4wIJJjKgBIAVAD&rclk=1","HIGH PRIORITY 🎯","New Lead"
"399","Electrician Fort Erie","Electrician","43 Jarvis St unit 5, Fort Erie, ON L2A 2S3, Canada","+1 (289) 321-2937","tel:+12893212937","-","0","HAS OFFICIAL WEBSITE","https://electricianforterie.ca/","https://www.google.com/maps/place/Electrician+Fort+Erie/data=!4m7!3m6!1s0x89d3138c47a8ed8f:0xb73242bdb7397286!8m2!3d42.9296324!4d-78.9162425!16s%2Fg%2F11nw7y926h!19sChIJj-2oR4wT04kRhnI5t71CMrc?authuser=0&hl=en&g_ep=EgoyMDI2MDkyMy4wIJJjKgBIAVAD&rclk=1","LOW PRIORITY","New Lead"
"400","Doll Electric","Electrician","661 Main St, Tonawanda, NY 14150, United States","+1 (716) 696-0318","tel:+17166960318","4.8","0","NO WEBSITE (GOLDEN LEAD 🔥)","-","https://www.google.com/maps/place/Doll+Electric/data=!4m7!3m6!1s0x89d36ddbbea3a1b1:0xab6d148be6400f83!8m2!3d43.0019657!4d-78.8812441!16s%2Fg%2F11h3vbtg6r!19sChIJsaGjvttt04kRgw9A5osUbas?authuser=0&hl=en&g_ep=EgoyMDI2MDkyMy4wIJJjKgBIAVAD&rclk=1","HIGH PRIORITY 🎯","New Lead"
"401","Delmar-Electric","Electrician","21 Cooper Ave, Tonawanda, NY 14150, United States","+1 (716) 874-7229","tel:+17168747229","5.0","0","HAS OFFICIAL WEBSITE","http://delmar-electric.com/","https://www.google.com/maps/place/Delmar-Electric/data=!4m7!3m6!1s0x89d36de16a2f3f3b:0x32396ccdc206a913!8m2!3d42.981216!4d-78.9083006!16s%2Fg%2F11fk1dr6rx!19sChIJOz8vauFt04kRE6kGws1sOTI?authuser=0&hl=en&g_ep=EgoyMDI2MDkyMy4wIJJjKgBIAVAD&rclk=1","LOW PRIORITY","New Lead"
"402","Hercules Electric","Electrician","Buffalo, NY","+1 (289) 321-2960","tel:+12893212960","5.0","0","NO WEBSITE (GOLDEN LEAD 🔥)","-","https://www.google.com/maps/place/Hercules+Electric/data=!4m7!3m6!1s0x89d3135d6f1f1a51:0xaac1ba4755f94115!8m2!3d43.0685869!4d-79.346621!16s%2Fg%2F11hzk5gm2r!19sChIJURofb10T04kRFUH5VUe6wao?authuser=0&hl=en&g_ep=EgoyMDI2MDkyMy4wIJJjKgBIAVAD&rclk=1","HIGH PRIORITY 🎯","New Lead"
"403","Erie Electrical Services","Electrician","Buffalo, NY","+1 (716) 574-1614","tel:+17165741614","5.0","0","NO WEBSITE (GOLDEN LEAD 🔥)","-","https://www.google.com/maps/place/Erie+Electrical+Services/data=!4m7!3m6!1s0x22b56da63964947:0xcdc78cc4d37899d9!8m2!3d42.839318!4d-78.7492634!16s%2Fg%2F11vywlg_nf!19sChIJR0mWY9pWKwIR2Zl408SMx80?authuser=0&hl=en&g_ep=EgoyMDI2MDkyMy4wIJJjKgBIAVAD&rclk=1","HIGH PRIORITY 🎯","New Lead"
"404","Hot Wired Electrical","Electrician","2197 Broadway, Sloan, NY 14212, United States","+1 (716) 675-6833","tel:+17166756833","3.6","0","HAS OFFICIAL WEBSITE","https://hotwiredelectricwny.com/","https://www.google.com/maps/place/Hot+Wired+Electrical/data=!4m7!3m6!1s0x89d30d01fa984a31:0x3a0e06675516e4f2!8m2!3d42.899239!4d-78.7934851!16s%2Fg%2F11cs012vhz!19sChIJMUqY-gEN04kR8uQWVWcGDjo?authuser=0&hl=en&g_ep=EgoyMDI2MDkyMy4wIJJjKgBIAVAD&rclk=1","LOW PRIORITY","New Lead"
"405","Clean Water Mechanical & Construction","Plumber","598 E Delavan Ave, Buffalo, NY 14211, United States","+1 (716) 818-3218","tel:+17168183218","-","0","HAS OFFICIAL WEBSITE","https://cleanwatermechanical.com/","https://www.google.com/maps/place/Clean+Water+Mechanical+%26+Construction/data=!4m7!3m6!1s0x89d30d5ed95341ad:0xaea41317ad444c11!8m2!3d42.9218839!4d-78.8350876!16s%2Fg%2F1260j_2gq!19sChIJrUFT2V4N04kREUxErRcTpK4?authuser=0&hl=en&g_ep=EgoyMDI2MDkyMy4wIJJjKgBIAVAD&rclk=1","LOW PRIORITY","New Lead"
"406","Dog Guard of Western New York","Fence contractor","1400 Orchard Park Rd, Buffalo, NY 14224, United States","+1 (716) 427-7377","tel:+17164277377","5.0","0","HAS OFFICIAL WEBSITE","https://dogguardwny.com/","https://www.google.com/maps/place/Dog+Guard+of+Western+New+York/data=!4m7!3m6!1s0x89d30fe3ce155c2f:0x9a1c8de7c75f59f3!8m2!3d42.8129645!4d-78.7637664!16s%2Fg%2F11vd6my0k2!19sChIJL1wVzuMP04kR81lfx-eNHJo?authuser=0&hl=en&g_ep=EgoyMDI2MDkyMy4wIJJjKgBIAVAD&rclk=1","LOW PRIORITY","New Lead"
"407","Gradeline Concrete","Concrete contractor","96 East Ave, Buffalo, NY 14224, United States","+1 (716) 783-2741","tel:+17167832741","5.0","0","HAS OFFICIAL WEBSITE","http://www.gradelineconcrete.com/","https://www.google.com/maps/place/Gradeline+Concrete/data=!4m7!3m6!1s0x89d309491e1b429f:0x2afeafe47194850!8m2!3d42.8350402!4d-78.7390997!16s%2Fg%2F11fx7x7l6w!19sChIJn0IbHkkJ04kRUEgZR_7qrwI?authuser=0&hl=en&g_ep=EgoyMDI2MDkyMy4wIJJjKgBIAVAD&rclk=1","LOW PRIORITY","New Lead"
"408","HWM Remodeling","Handyman/Handywoman/Handyperson","883 Tifft St, Buffalo, NY 14220, United States","+1 (716) 984-4060","tel:+17169844060","-","0","NO WEBSITE (GOLDEN LEAD 🔥)","-","https://www.google.com/maps/place/HWM+Remodeling/data=!4m7!3m6!1s0x89d30e109c0bffff:0x7adf88d7f224c335!8m2!3d42.8467223!4d-78.8266066!16s%2Fg%2F11s30jnvrh!19sChIJ__8LnBAO04kRNcMk8teI33o?authuser=0&hl=en&g_ep=EgoyMDI2MDkyMy4wIJJjKgBIAVAD&rclk=1","HIGH PRIORITY 🎯","New Lead"
"409","Bacon Home Remodeling","Bathroom remodeler","229 French St, Buffalo, NY 14211, United States","+1 (716) 703-2879","tel:+17167032879","4.4","0","HAS OFFICIAL WEBSITE","https://builtbybacon.com/","https://www.google.com/maps/place/Bacon+Home+Remodeling/data=!4m7!3m6!1s0x89d36d71e9d51f15:0xf73c4bc5f27aee19!8m2!3d42.9101685!4d-78.8296206!16s%2Fg%2F11pkkq7p3z!19sChIJFR_V6XFt04kRGe568sVLPPc?authuser=0&hl=en&g_ep=EgoyMDI2MDkyMy4wIJJjKgBIAVAD&rclk=1","LOW PRIORITY","New Lead"
"410","Swift Kitchen Remodeling Buffalo NY","Kitchen remodeler","1500 Clinton St, Buffalo, NY 14206, United States","+1 (716) 641-0588","tel:+17166410588","5.0","0","HAS OFFICIAL WEBSITE","https://swiftkitchenremodelingbuffalony.com/","https://www.google.com/maps/place/Swift+Kitchen+Remodeling+Buffalo+NY/data=!4m7!3m6!1s0x8d449ba6b5e38a55:0xf8a864213b38dcd!8m2!3d42.8733914!4d-78.8206454!16s%2Fg%2F11y5gv2lp0!19sChIJVYrjtaabRI0RzY2zE0KGig8?authuser=0&hl=en&g_ep=EgoyMDI2MDkyMy4wIJJjKgBIAVAD&rclk=1","LOW PRIORITY","New Lead"
"411","Yard Barber landscaping & Lawn Service LLC","Landscaper","45 Pannell St, Buffalo, NY 14214, United States","+1 (716) 217-1728","tel:+17162171728","3.5","0","HAS OFFICIAL WEBSITE","https://www.yardbarberlawnservice.com/","https://www.google.com/maps/place/Yard+Barber+landscaping+%26+Lawn+Service+LLC/data=!4m7!3m6!1s0x89d372aa8c2cc33d:0xa90045f6e3bd1f0e!8m2!3d42.939545!4d-78.8370739!16s%2Fg%2F11bc73mtkq!19sChIJPcMsjKpy04kRDh-94_ZFAKk?authuser=0&hl=en&g_ep=EgoyMDI2MDkyMy4wIJJjKgBIAVAD&rclk=1","LOW PRIORITY","New Lead"
"412","Clean Canopy Tree Experts","Tree service","901 Kensington Ave, Buffalo, NY 14215, United States","+1 (423) 387-5057","tel:+14233875057","-","0","NO WEBSITE (GOLDEN LEAD 🔥)","-","https://www.google.com/maps/place/Clean+Canopy+Tree+Experts/data=!4m7!3m6!1s0x89d30d21f4e77297:0x43efedbf8d1c172a!8m2!3d42.9349596!4d-78.8204678!16s%2Fg%2F11z3bt4mzc!19sChIJl3Ln9CEN04kRKhccjb_t70M?authuser=0&hl=en&g_ep=EgoyMDI2MDkyMy4wIJJjKgBIAVAD&rclk=1","HIGH PRIORITY 🎯","New Lead"
"413","Clean Canopy Tree Service","Tree service","388 Lisbon Ave, Buffalo, NY 14215, United States","+1 (716) 869-6464","tel:+17168696464","5.0","0","NO WEBSITE (GOLDEN LEAD 🔥)","-","https://www.google.com/maps/place/Clean+Canopy+Tree+Service/data=!4m7!3m6!1s0x89d373744bfec4f1:0x665f8321464d84a6!8m2!3d42.9471618!4d-78.8141647!16s%2Fg%2F11z4d4zp5z!19sChIJ8cT-S3Rz04kRpoRNRiGDX2Y?authuser=0&hl=en&g_ep=EgoyMDI2MDkyMy4wIJJjKgBIAVAD&rclk=1","HIGH PRIORITY 🎯","New Lead"
"414","Get Clean Get Green LLC","Janitorial service","904 Clinton St, Buffalo, NY 14210, United States","+1 (716) 275-4140","tel:+17162754140","4.8","0","HAS OFFICIAL WEBSITE","http://getcleangetgreen.org/","https://www.google.com/maps/place/Get+Clean+Get+Green+LLC/data=!4m7!3m6!1s0x89d3130005539b2d:0x35857dd15ef948ae!8m2!3d42.8797313!4d-78.840886!16s%2Fg%2F11rd4_bdjz!19sChIJLZtTBQAT04kRrkj5XtF9hTU?authuser=0&hl=en&g_ep=EgoyMDI2MDkyMy4wIJJjKgBIAVAD&rclk=1","LOW PRIORITY","New Lead"
"415","New Age Hair Salon Buffalo","Hair salon","1534 Hertel Ave, Buffalo, NY 14216, United States","+1 (716) 836-8626","tel:+17168368626","4.8","0","HAS OFFICIAL WEBSITE","http://www.thenewagesalon.com/","https://www.google.com/maps/place/New+Age+Hair+Salon+Buffalo/data=!4m7!3m6!1s0x89d36d4f93b22e63:0xddb8ffde9de26500!8m2!3d42.9476835!4d-78.8514927!16s%2Fg%2F1td7jqsr!19sChIJYy6yk09t04kRAGXind7_uN0?authuser=0&hl=en&g_ep=EgoyMDI2MDkyMy4wIJJjKgBIAVAD&rclk=1","LOW PRIORITY","New Lead"
"416","MJ. Rose Salon","Hair salon","1413 Hertel Ave, Buffalo, NY 14216, United States","+1 (716) 235-8661","tel:+17162358661","4.8","0","HAS OFFICIAL WEBSITE","http://vagaro.com/mjrosesalon","https://www.google.com/maps/place/MJ.+Rose+Salon/data=!4m7!3m6!1s0x89d36de9cabef58f:0xb0a5056eb301874b!8m2!3d42.947443!4d-78.8557041!16s%2Fg%2F11h1zxzzrv!19sChIJj_W-yult04kRS4cBs24FpbA?authuser=0&hl=en&g_ep=EgoyMDI2MDkyMy4wIJJjKgBIAVAD&rclk=1","LOW PRIORITY","New Lead"
"417","Hair by Jordan Pursel","Hair salon","1203 Hertel Ave, Buffalo, NY 14216, United States","+1 (716) 480-9651","tel:+17164809651","4.9","0","HAS OFFICIAL WEBSITE","http://www.hairbyjordanpursel.com/","https://www.google.com/maps/place/Hair+by+Jordan+Pursel/data=!4m7!3m6!1s0x89d36dda844f6b31:0xfa5af7f7cf05b812!8m2!3d42.9476224!4d-78.8636064!16s%2Fg%2F11ffgc80fm!19sChIJMWtPhNpt04kRErgFz_f3Wvo?authuser=0&hl=en&g_ep=EgoyMDI2MDkyMy4wIJJjKgBIAVAD&rclk=1","LOW PRIORITY","New Lead"
"418","Imagine Salon & Day Spa","Beauty salon","1527 Hertel Ave, Buffalo, NY 14216, United States","+1 (716) 332-2250","tel:+17163322250","4.7","0","HAS OFFICIAL WEBSITE","http://www.imaginesalonbuffalo.com/","https://www.google.com/maps/place/Imagine+Salon+%26+Day+Spa/data=!4m7!3m6!1s0x89d36d4f97ea0f27:0x75f3c9ea87a3d3a5!8m2!3d42.9474479!4d-78.8516458!16s%2Fg%2F1tr9pdcs!19sChIJJw_ql09t04kRpdOjh-rJ83U?authuser=0&hl=en&g_ep=EgoyMDI2MDkyMy4wIJJjKgBIAVAD&rclk=1","LOW PRIORITY","New Lead"
"419","Salon Of Essence","Beauty salon","1787 Hertel Ave, Buffalo, NY 14216, United States","+1 (716) 907-3587","tel:+17169073587","4.9","0","NO WEBSITE (GOLDEN LEAD 🔥)","-","https://www.google.com/maps/place/Salon+Of+Essence/data=!4m7!3m6!1s0x89d36d576357899b:0x2cf682160b5ff840!8m2!3d42.947413!4d-78.8418532!16s%2Fg%2F11g6ltwmmj!19sChIJm4lXY1dt04kRQPhfCxaC9iw?authuser=0&hl=en&g_ep=EgoyMDI2MDkyMy4wIJJjKgBIAVAD&rclk=1","HIGH PRIORITY 🎯","New Lead"
"420","Mink Salon","Hair salon","1858 Hertel Ave, Buffalo, NY 14216, United States","+1 (716) 424-1903","tel:+17164241903","4.8","0","HAS OFFICIAL WEBSITE","http://minkbeautysalon.com/","https://www.google.com/maps/place/Mink+Salon/data=!4m7!3m6!1s0x89d36d581dc16465:0x7113d2150e180f19!8m2!3d42.9476955!4d-78.8392867!16s%2Fg%2F11c5j6vqnp!19sChIJZWTBHVht04kRGQ8YDhXSE3E?authuser=0&hl=en&g_ep=EgoyMDI2MDkyMy4wIJJjKgBIAVAD&rclk=1","LOW PRIORITY","New Lead"
"421","Local Honey Beauty Hive","Beauty salon","1255 Niagara St, Buffalo, NY 14213, United States","+1 (716) 275-9167","tel:+17162759167","4.8","0","HAS OFFICIAL WEBSITE","http://www.localhoneybeautyhive.com/","https://www.google.com/maps/place/Local+Honey+Beauty+Hive/data=!4m7!3m6!1s0x89d3138c8c355c6d:0xd947e0269e432d7e!8m2!3d42.9180752!4d-78.89879!16s%2Fg%2F11fv71t2zp!19sChIJbVw1jIwT04kRfi1DnibgR9k?authuser=0&hl=en&g_ep=EgoyMDI2MDkyMy4wIJJjKgBIAVAD&rclk=1","LOW PRIORITY","New Lead"
"422","Hi-Lites Salon & Art Gallery","Hair salon","1440 Hertel Ave, Buffalo, NY 14216, United States","+1 (716) 263-6613","tel:+17162636613","4.9","0","HAS OFFICIAL WEBSITE","http://www.hilitesbuffalo.com/","https://www.google.com/maps/place/Hi-Lites+Salon+%26+Art+Gallery/data=!4m7!3m6!1s0x89d36d4f35bf96d1:0xaee7a0813428f4be!8m2!3d42.9478715!4d-78.8548484!16s%2Fg%2F1tflh67q!19sChIJ0Za_NU9t04kRvvQoNIGg564?authuser=0&hl=en&g_ep=EgoyMDI2MDkyMy4wIJJjKgBIAVAD&rclk=1","LOW PRIORITY","New Lead"
"423","Jennifer Julia Salon","Hair salon","55 Chicago St, Buffalo, NY 14204, United States","+1 (716) 882-1561","tel:+17168821561","4.8","0","HAS OFFICIAL WEBSITE","http://jenniferjulia.com/","https://www.google.com/maps/place/Jennifer+Julia+Salon/data=!4m7!3m6!1s0x89d312e4a2db73e1:0x6f246cfe6ccec217!8m2!3d42.869818!4d-78.8687205!16s%2Fg%2F11bv5t644d!19sChIJ4XPbouQS04kRF8LObP5sJG8?authuser=0&hl=en&g_ep=EgoyMDI2MDkyMy4wIJJjKgBIAVAD&rclk=1","LOW PRIORITY","New Lead"
"424","Salina Paris Salon and Barbershop","Beauty salon","1569 Hertel Ave, Buffalo, NY 14216, United States","+1 (716) 370-0440","tel:+17163700440","4.9","0","SOCIAL/DIRECTORY ONLY (GOLDEN LEAD 🔥)","https://www.facebook.com/SalinaParisSalon/","https://www.google.com/maps/place/Salina+Paris+Salon+and+Barbershop/data=!4m7!3m6!1s0x89d3732e687346fd:0xb49353c7de6e224d!8m2!3d42.9474249!4d-78.8499996!16s%2Fg%2F11gdlcl_ql!19sChIJ_UZzaC5z04kRTSJu3sdTk7Q?authuser=0&hl=en&g_ep=EgoyMDI2MDkyMy4wIJJjKgBIAVAD&rclk=1","HIGH PRIORITY 🎯","New Lead"
"425","Karma Salon & Spa","Hair salon","731 Elmwood Ave, Buffalo, NY 14222, United States","+1 (716) 462-4457","tel:+17164624457","4.6","0","HAS OFFICIAL WEBSITE","https://karmasalon.glossgenius.com/","https://www.google.com/maps/place/Karma+Salon+%26+Spa/data=!4m7!3m6!1s0x89d312e418e72a27:0xe6205952637278a6!8m2!3d42.9170901!4d-78.8767086!16s%2Fg%2F1tdpn1nh!19sChIJJyrnGOQS04kRpnhyY1JZIOY?authuser=0&hl=en&g_ep=EgoyMDI2MDkyMy4wIJJjKgBIAVAD&rclk=1","LOW PRIORITY","New Lead"
"426","Anthony Paul Salon","Beauty salon","1643 Hertel Ave, Buffalo, NY 14216, United States","+1 (716) 831-3200","tel:+17168313200","4.6","0","NO WEBSITE (GOLDEN LEAD 🔥)","-","https://www.google.com/maps/place/Anthony+Paul+Salon/data=!4m7!3m6!1s0x89d36d506f6d884b:0x16d86233a1c9954f!8m2!3d42.9474958!4d-78.8475256!16s%2Fg%2F1tp1zt3_!19sChIJS4htb1Bt04kRT5XJoTNi2BY?authuser=0&hl=en&g_ep=EgoyMDI2MDkyMy4wIJJjKgBIAVAD&rclk=1","HIGH PRIORITY 🎯","New Lead"
"427","Good Looks Barber Shop","Barber shop","1685 Hertel Ave, Buffalo, NY 14216, United States","+1 (716) 200-6663","tel:+17162006663","4.6","0","NO WEBSITE (GOLDEN LEAD 🔥)","-","https://www.google.com/maps/place/Good+Looks+Barber+Shop/data=!4m7!3m6!1s0x89d36d36e17f8b25:0x98493fa61080e92b!8m2!3d42.9472927!4d-78.8455865!16s%2Fg%2F1trprsrv!19sChIJJYt_4TZt04kRK-mAEKY_SZg?authuser=0&hl=en&g_ep=EgoyMDI2MDkyMy4wIJJjKgBIAVAD&rclk=1","HIGH PRIORITY 🎯","New Lead"
"428","Kallista For Hair","Beauty salon","721 Elmwood Ave, Buffalo, NY 14222, United States","+1 (716) 881-2221","tel:+17168812221","4.9","0","NO WEBSITE (GOLDEN LEAD 🔥)","-","https://www.google.com/maps/place/Kallista+For+Hair/data=!4m7!3m6!1s0x89d312e4107dc001:0x2cf808885268cbe1!8m2!3d42.9168749!4d-78.8768778!16s%2Fg%2F1tdmr0sf!19sChIJAcB9EOQS04kR4ctoUogI-Cw?authuser=0&hl=en&g_ep=EgoyMDI2MDkyMy4wIJJjKgBIAVAD&rclk=1","HIGH PRIORITY 🎯","New Lead"
"429","Indigo Salon","Hair salon","1451 Hertel Ave, Buffalo, NY 14216, United States","+1 (716) 880-0439","tel:+17168800439","5.0","0","NO WEBSITE (GOLDEN LEAD 🔥)","-","https://www.google.com/maps/place/Indigo+Salon/data=!4m7!3m6!1s0x89d36de734cfe287:0xa1dc49039078cd1a!8m2!3d42.9475166!4d-78.8542555!16s%2Fg%2F11ntdtt9w0!19sChIJh-LPNOdt04kRGs14kANJ3KE?authuser=0&hl=en&g_ep=EgoyMDI2MDkyMy4wIJJjKgBIAVAD&rclk=1","HIGH PRIORITY 🎯","New Lead"
"430","Dreamscape Hair Design","Hair salon","1231 Hertel Ave, Buffalo, NY 14216, United States","+1 (716) 427-8826","tel:+17164278826","5.0","0","HAS OFFICIAL WEBSITE","http://www.dreamscapehairdesign.com/","https://www.google.com/maps/place/Dreamscape+Hair+Design/data=!4m7!3m6!1s0x89d36d92fa7cd505:0x9d1271300049ae44!8m2!3d42.9475206!4d-78.8628234!16s%2Fg%2F11y98zcylk!19sChIJBdV8-pJt04kRRK5JADBxEp0?authuser=0&hl=en&g_ep=EgoyMDI2MDkyMy4wIJJjKgBIAVAD&rclk=1","LOW PRIORITY","New Lead"
"431","Relle Organic Salon","Beauty salon","218 Lexington Ave, Buffalo, NY 14222, United States","+1 (716) 279-5711","tel:+17162795711","4.8","0","HAS OFFICIAL WEBSITE","http://www.relleorganicsalon.com/","https://www.google.com/maps/place/Relle+Organic+Salon/data=!4m7!3m6!1s0x89d312e4bd65d907:0x63d09feed7430acd!8m2!3d42.9130364!4d-78.8780629!16s%2Fg%2F1261_p6ww!19sChIJB9llveQS04kRzQpD1-6f0GM?authuser=0&hl=en&g_ep=EgoyMDI2MDkyMy4wIJJjKgBIAVAD&rclk=1","LOW PRIORITY","New Lead"
"432","ExQuizit Beauty Salon","Beauty salon","1040 Kensington Ave, Buffalo, NY 14215, United States","+1 (716) 833-2250","tel:+17168332250","4.6","0","HAS OFFICIAL WEBSITE","https://exquizitbeauty.com/","https://www.google.com/maps/place/ExQuizit+Beauty+Salon/data=!4m7!3m6!1s0x89d312afb7086f9b:0xd70a4712b2456074!8m2!3d42.9372236!4d-78.8160759!16s%2Fg%2F1hhl916dd!19sChIJm28It68S04kRdGBFshJHCtc?authuser=0&hl=en&g_ep=EgoyMDI2MDkyMy4wIJJjKgBIAVAD&rclk=1","LOW PRIORITY","New Lead"
"433","Her Perfections Hair Studio","Hair salon","169 Easton Ave, Buffalo, NY 14215, United States","+1 (716) 598-3835","tel:+17165983835","5.0","0","HAS OFFICIAL WEBSITE","https://booksky.as.me/","https://www.google.com/maps/place/Her+Perfections+Hair+Studio/data=!4m7!3m6!1s0x89d30ddec49aa13f:0x585e3321b5fe9686!8m2!3d42.9273761!4d-78.8074494!16s%2Fg%2F11frqdryr6!19sChIJP6GaxN4N04kRhpb-tSEzXlg?authuser=0&hl=en&g_ep=EgoyMDI2MDkyMy4wIJJjKgBIAVAD&rclk=1","LOW PRIORITY","New Lead"
"434","fawn and fox salon","Beauty salon","38 Tremont Ave, Buffalo, NY 14213, United States","+1 (716) 881-4400","tel:+17168814400","4.6","0","HAS OFFICIAL WEBSITE","http://www.fawnandfoxsalon.com/","https://www.google.com/maps/place/fawn+and+fox+salon/data=!4m7!3m6!1s0x89d312c20828d717:0x257233e919873b35!8m2!3d42.9271572!4d-78.8827785!16s%2Fg%2F1td6nm_8!19sChIJF9coCMIS04kRNTuHGekzciU?authuser=0&hl=en&g_ep=EgoyMDI2MDkyMy4wIJJjKgBIAVAD&rclk=1","LOW PRIORITY","New Lead"
"435","Salon de Coquette","Hair salon","484 Connecticut St, Buffalo, NY 14213, United States","+1 (716) 848-9902","tel:+17168489902","5.0","0","HAS OFFICIAL WEBSITE","http://www.salondecoquette.com/","https://www.google.com/maps/place/Salon+de+Coquette/data=!4m7!3m6!1s0x89d313257decf355:0x7f77116d3d390163!8m2!3d42.9080675!4d-78.8836164!16s%2Fg%2F11fj48kn4y!19sChIJVfPsfSUT04kRYwE5PW0Rd38?authuser=0&hl=en&g_ep=EgoyMDI2MDkyMy4wIJJjKgBIAVAD&rclk=1","LOW PRIORITY","New Lead"
"436","Nicole 3 Salon","Beauty salon","1667 Hertel Ave, Buffalo, NY 14214, United States","+1 (716) 828-6043","tel:+17168286043","4.1","0","HAS OFFICIAL WEBSITE","http://nicole3beauty.com/","https://www.google.com/maps/place/Nicole+3+Salon/data=!4m7!3m6!1s0x89d36d4824e4d027:0x463018da21b9bf1f!8m2!3d42.9474861!4d-78.8466883!16s%2Fg%2F1tgh8k0s!19sChIJJ9DkJEht04kRH7-5IdoYMEY?authuser=0&hl=en&g_ep=EgoyMDI2MDkyMy4wIJJjKgBIAVAD&rclk=1","LOW PRIORITY","New Lead"
"437","LOVEJOY NATURAL HAIR SALON","Beauty salon","1080 E Lovejoy St, Buffalo, NY 14206, United States","+1 (716) 292-6943","tel:+17162926943","4.7","0","NO WEBSITE (GOLDEN LEAD 🔥)","-","https://www.google.com/maps/place/LOVEJOY+NATURAL+HAIR+SALON/data=!4m7!3m6!1s0x89d30def254211e7:0xfbc3e7d0061ee543!8m2!3d42.8899666!4d-78.8084535!16s%2Fg%2F11h71fhnsw!19sChIJ5xFCJe8N04kRQ-UeBtDnw_s?authuser=0&hl=en&g_ep=EgoyMDI2MDkyMy4wIJJjKgBIAVAD&rclk=1","HIGH PRIORITY 🎯","New Lead"
"438","Bossed up barbershop","Barber shop","822 Hertel Ave, Buffalo, NY 14216, United States","+1 (716) 537-6999","tel:+17165376999","4.9","0","HAS OFFICIAL WEBSITE","http://book.thecut.co/cutsbydre716","https://www.google.com/maps/place/Bossed+up+barbershop/data=!4m7!3m6!1s0x89d36d0d9648cc67:0xeb29f0dc6425d454!8m2!3d42.9478793!4d-78.8778895!16s%2Fg%2F11t707wmmm!19sChIJZ8xIlg1t04kRVNQlZNzwKes?authuser=0&hl=en&g_ep=EgoyMDI2MDkyMy4wIJJjKgBIAVAD&rclk=1","LOW PRIORITY","New Lead"
"439","Michele for Hair","Hair salon","775 Elmwood Ave, Buffalo, NY 14222, United States","+1 (716) 882-1180","tel:+17168821180","4.7","0","HAS OFFICIAL WEBSITE","http://www.micheleforhair.com/","https://www.google.com/maps/place/Michele+for+Hair/data=!4m7!3m6!1s0x89d312e6bda8b30d:0x315060ccc7ece6ff!8m2!3d42.9182681!4d-78.876701!16s%2Fg%2F1tv3pnx3!19sChIJDbOoveYS04kR_-bsx8xgUDE?authuser=0&hl=en&g_ep=EgoyMDI2MDkyMy4wIJJjKgBIAVAD&rclk=1","LOW PRIORITY","New Lead"
"440","High Klass Hair Weave Bar","Hair salon","68 Allen St, Buffalo, NY 14202, United States","+1 (716) 424-0853","tel:+17164240853","4.4","0","HAS OFFICIAL WEBSITE","http://www.highklasshair.com/","https://www.google.com/maps/place/High+Klass+Hair+Weave+Bar/data=!4m7!3m6!1s0x89d312576402bd41:0xd9a4b0d53d5e1ad3!8m2!3d42.8993131!4d-78.8726517!16s%2Fg%2F11bwh5ys7b!19sChIJQb0CZFcS04kR0xpePdWwpNk?authuser=0&hl=en&g_ep=EgoyMDI2MDkyMy4wIJJjKgBIAVAD&rclk=1","LOW PRIORITY","New Lead"
"441","Lexington Salon","Hair salon","235 Lexington Ave, Buffalo, NY 14222, United States","+1 (716) 432-4125","tel:+17164324125","5.0","0","SOCIAL/DIRECTORY ONLY (GOLDEN LEAD 🔥)","https://www.facebook.com/Lexington-Salon-360950830646515/","https://www.google.com/maps/place/Lexington+Salon/data=!4m7!3m6!1s0x89d312e34e7aba21:0xb49a8d741835c185!8m2!3d42.9133497!4d-78.8789087!16s%2Fg%2F11y07p_mk!19sChIJIbp6TuMS04kRhcE1GHSNmrQ?authuser=0&hl=en&g_ep=EgoyMDI2MDkyMy4wIJJjKgBIAVAD&rclk=1","HIGH PRIORITY 🎯","New Lead"
"442","Salon in the City Suites","Hair salon","166 Chandler St Fl 4, Buffalo, NY 14207, United States","-","-","4.8","0","HAS OFFICIAL WEBSITE","http://www.saloninthecitysuites.com/","https://www.google.com/maps/place/Salon+in+the+City+Suites/data=!4m7!3m6!1s0x89d36d2b480d51bf:0x8d0e003f20b87e22!8m2!3d42.9435072!4d-78.8849691!16s%2Fg%2F11c30rr4mz!19sChIJv1ENSCtt04kRIn64ID8ADo0?authuser=0&hl=en&g_ep=EgoyMDI2MDkyMy4wIJJjKgBIAVAD&rclk=1","LOW PRIORITY","New Lead"
"443","The Posh Hair Loft","Hair salon","611 Elmwood Ave, Buffalo, NY 14222, United States","+1 (716) 815-2816","tel:+17168152816","5.0","0","HAS OFFICIAL WEBSITE","http://theposhhairloft.com/","https://www.google.com/maps/place/The+Posh+Hair+Loft/data=!4m7!3m6!1s0x89d30d9c4de9286d:0x3c375f6deef3d3fc!8m2!3d42.9137172!4d-78.8767812!16s%2Fg%2F11mv163skt!19sChIJbSjpTZwN04kR_NPz7m1fNzw?authuser=0&hl=en&g_ep=EgoyMDI2MDkyMy4wIJJjKgBIAVAD&rclk=1","LOW PRIORITY","New Lead"
"444","Andre's Hair Salon","Beauty salon","2335 Main St, Buffalo, NY 14214, United States","+1 (716) 883-3171","tel:+17168833171","4.8","0","NO WEBSITE (GOLDEN LEAD 🔥)","-","https://www.google.com/maps/place/Andre%27s+Hair+Salon/data=!4m7!3m6!1s0x89d312ae91876f41:0x505166cfc73d1022!8m2!3d42.93267!4d-78.8457116!16s%2Fg%2F1tdgwclf!19sChIJQW-Hka4S04kRIhA9x89mUVA?authuser=0&hl=en&g_ep=EgoyMDI2MDkyMy4wIJJjKgBIAVAD&rclk=1","HIGH PRIORITY 🎯","New Lead"
"445","Arrowhead Salon","Hair salon","474 Seneca St, Buffalo, NY 14204, United States","+1 (716) 445-9212","tel:+17164459212","4.8","0","SOCIAL/DIRECTORY ONLY (GOLDEN LEAD 🔥)","https://www.facebook.com/ARROWHEADSALON/","https://www.google.com/maps/place/Arrowhead+Salon/data=!4m7!3m6!1s0x89d30cadb9e9da71:0x93c24dab5d8baf55!8m2!3d42.8778434!4d-78.8588981!16s%2Fg%2F11fxv3_5rr!19sChIJcdrpua0M04kRVa-LXatNwpM?authuser=0&hl=en&g_ep=EgoyMDI2MDkyMy4wIJJjKgBIAVAD&rclk=1","HIGH PRIORITY 🎯","New Lead"
"446","RazorSharp Barbershop","Barber shop","1228 Hertel Ave, Buffalo, NY 14216, United States","+1 (716) 436-4819","tel:+17164364819","4.8","0","SOCIAL/DIRECTORY ONLY (GOLDEN LEAD 🔥)","http://instagram.com/@Razorsharp_Buffalo","https://www.google.com/maps/place/RazorSharp+Barbershop/data=!4m7!3m6!1s0x89d36d37b0b061a7:0x9a6dffc6e14c599e!8m2!3d42.9479073!4d-78.8627209!16s%2Fg%2F11c54dfppg!19sChIJp2GwsDdt04kRnllM4cb_bZo?authuser=0&hl=en&g_ep=EgoyMDI2MDkyMy4wIJJjKgBIAVAD&rclk=1","HIGH PRIORITY 🎯","New Lead"
"447","C & C Cutz Unisex Salon","Barber shop","707 Fillmore Ave, Buffalo, NY 14212, United States","+1 (716) 520-8693","tel:+17165208693","4.9","0","NO WEBSITE (GOLDEN LEAD 🔥)","-","https://www.google.com/maps/place/C+%26+C+Cutz+Unisex+Salon/data=!4m7!3m6!1s0x89d313ec9017a425:0x1f12a4215fff4584!8m2!3d42.8927108!4d-78.8389277!16s%2Fg%2F11tj4_qjsz!19sChIJJaQXkOwT04kRhEX_XyGkEh8?authuser=0&hl=en&g_ep=EgoyMDI2MDkyMy4wIJJjKgBIAVAD&rclk=1","HIGH PRIORITY 🎯","New Lead"
"448","SECOND NATURE BARBERSHOP AND SALON","Barber shop","1154 Hertel Ave, Buffalo, NY 14216, United States","+1 (716) 541-5116","tel:+17165415116","5.0","0","NO WEBSITE (GOLDEN LEAD 🔥)","-","https://www.google.com/maps/place/SECOND+NATURE+BARBERSHOP+AND+SALON/data=!4m7!3m6!1s0x89d36d10780f4f17:0x625b69e06d29d6d1!8m2!3d42.9479692!4d-78.8655561!16s%2Fg%2F11y8wcf0fy!19sChIJF08PeBBt04kR0dYpbeBpW2I?authuser=0&hl=en&g_ep=EgoyMDI2MDkyMy4wIJJjKgBIAVAD&rclk=1","HIGH PRIORITY 🎯","New Lead"
"449","Mercury Salon","Hair salon","43 Allen St, Buffalo, NY 14202, United States","+1 (716) 883-8800","tel:+17168838800","4.9","0","HAS OFFICIAL WEBSITE","https://mercury-salon.square.site/","https://www.google.com/maps/place/Mercury+Salon/data=!4m7!3m6!1s0x89d31259d097ac17:0x4e7cf514ac18824a!8m2!3d42.8995925!4d-78.8717825!16s%2Fg%2F11b75pywvq!19sChIJF6yX0FkS04kRSoIYrBT1fE4?authuser=0&hl=en&g_ep=EgoyMDI2MDkyMy4wIJJjKgBIAVAD&rclk=1","LOW PRIORITY","New Lead"
"450","Ace Of Fades barbershop","Barber shop","1807 South Park Ave, Buffalo, NY 14220, United States","+1 (716) 248-2111","tel:+17162482111","4.8","0","SOCIAL/DIRECTORY ONLY (GOLDEN LEAD 🔥)","https://m.facebook.com/aceoffades716","https://www.google.com/maps/place/Ace+Of+Fades+barbershop/data=!4m7!3m6!1s0x89d30f3ce3dda18f:0x2d8a9cb9930078e9!8m2!3d42.8495841!4d-78.824009!16s%2Fg%2F11hzcflxsk!19sChIJj6Hd4zwP04kR6XgAk7mcii0?authuser=0&hl=en&g_ep=EgoyMDI2MDkyMy4wIJJjKgBIAVAD&rclk=1","HIGH PRIORITY 🎯","New Lead"
"451","Troy's Barber Shop","Barber shop","1710 South Park Ave, Buffalo, NY 14220, United States","+1 (716) 444-5485","tel:+17164445485","4.9","0","HAS OFFICIAL WEBSITE","https://troysbarbershop.ogastudios.org/","https://www.google.com/maps/place/Troy%27s+Barber+Shop/data=!4m7!3m6!1s0x89d30f30474d83df:0x43c55c38ad01b198!8m2!3d42.852125!4d-78.825288!16s%2Fg%2F11hdt3pyr_!19sChIJ34NNRzAP04kRmLEBrThcxUM?authuser=0&hl=en&g_ep=EgoyMDI2MDkyMy4wIJJjKgBIAVAD&rclk=1","LOW PRIORITY","New Lead"
"452","Il Mulino Barbershop | Downtown Buffalo","Barber shop","465 Washington St, Buffalo, NY 14203, United States","+1 (716) 954-2981","tel:+17169542981","4.9","0","HAS OFFICIAL WEBSITE","http://weareilmulino.com/","https://www.google.com/maps/place/Il+Mulino+Barbershop+%7C+Downtown+Buffalo/data=!4m7!3m6!1s0x89d3138cc6a2ac73:0x9bbe938acdfb682b!8m2!3d42.8868345!4d-78.8725551!16s%2Fg%2F11h3c4g19r!19sChIJc6yixowT04kRK2j7zYqTvps?authuser=0&hl=en&g_ep=EgoyMDI2MDkyMy4wIJJjKgBIAVAD&rclk=1","LOW PRIORITY","New Lead"
"453","The Salty Dog Barbershop","Barber shop","268 Main St #100, Buffalo, NY 14202, United States","+1 (716) 776-9447","tel:+17167769447","4.9","0","HAS OFFICIAL WEBSITE","http://www.thesaltydogbarbershop.com/","https://www.google.com/maps/place/The+Salty+Dog+Barbershop/data=!4m7!3m6!1s0x89d3123650d36d31:0xa0b1a5cf0dae4b43!8m2!3d42.8815814!4d-78.8759437!16s%2Fg%2F11gf9g77s0!19sChIJMW3TUDYS04kRQ0uuDc-lsaA?authuser=0&hl=en&g_ep=EgoyMDI2MDkyMy4wIJJjKgBIAVAD&rclk=1","LOW PRIORITY","New Lead"
"454","88 South Barbershop","Barber shop","219 Orchard Park Rd, West Seneca, NY 14224, United States","+1 (716) 322-5595","tel:+17163225595","5.0","0","NO WEBSITE (GOLDEN LEAD 🔥)","-","https://www.google.com/maps/place/88+South+Barbershop/data=!4m7!3m6!1s0x89d30f056135093d:0x36361b7f344dff50!8m2!3d42.8374294!4d-78.788913!16s%2Fg%2F11t51m7m3v!19sChIJPQk1YQUP04kRUP9NNH8bNjY?authuser=0&hl=en&g_ep=EgoyMDI2MDkyMy4wIJJjKgBIAVAD&rclk=1","HIGH PRIORITY 🎯","New Lead"
